Workbook

Sheet Start Here
A1: CM Family Rhythm Planner v9
A3: Workflow
A4: 1 | B4: =HYPERLINK("https://docs.google.com/spreadsheets/d/1Oo1LHNHUNq0Yv_zGqT-GDn0G_Bz1PGYKe93-p2G2cbg/edit#gid=1207041131&range=A1","Setup") -> Setup | C4: Add active students, their Forms, and the groups your family actually uses.
A5: 2 | B5: =HYPERLINK("https://docs.google.com/spreadsheets/d/1Oo1LHNHUNq0Yv_zGqT-GDn0G_Bz1PGYKe93-p2G2cbg/edit#gid=480972818&range=A1","School Calendar") -> School Calendar | C5: Set the school-year dates, terms, breaks, exceptions, and exam weeks.
A6: 3 | B6: =HYPERLINK("https://docs.google.com/spreadsheets/d/1Oo1LHNHUNq0Yv_zGqT-GDn0G_Bz1PGYKe93-p2G2cbg/edit#gid=613521042&range=A1","Family Map") -> Family Map | C6: Review the Charlotte Mason feast. Turn strands on or off, rename them, or add a custom strand only when needed.
A7: 4 | B7: =HYPERLINK("https://docs.google.com/spreadsheets/d/1Oo1LHNHUNq0Yv_zGqT-GDn0G_Bz1PGYKe93-p2G2cbg/edit#gid=201462614&range=A1","Strand Placement") -> Strand Placement | C7: Build family and group loops, then place shared or genuinely rotating strands.
A8: 5 | B8: =HYPERLINK("https://docs.google.com/spreadsheets/d/1Oo1LHNHUNq0Yv_zGqT-GDn0G_Bz1PGYKe93-p2G2cbg/edit#gid=1199004913&range=A1","Student Work") -> Student Work | C8: Place fixed individual work under Table Work with Mom or Independent Work.
A9: 6 | B9: =HYPERLINK("https://docs.google.com/spreadsheets/d/1Oo1LHNHUNq0Yv_zGqT-GDn0G_Bz1PGYKe93-p2G2cbg/edit#gid=1134758644&range=A1","Resource Planner") -> Resource Planner | C9: Add books, courses, and other resources. Use Focus Strand to see what is already entered and what comes next.
A10: 7 | B10: =HYPERLINK("https://docs.google.com/spreadsheets/d/1Oo1LHNHUNq0Yv_zGqT-GDn0G_Bz1PGYKe93-p2G2cbg/edit#gid=985604979&range=A1","Term Grid") -> Term Grid | C10: Review the term for gaps, overload, pacing, and resource sequencing.
A11: 8 | B11: =HYPERLINK("https://docs.google.com/spreadsheets/d/1Oo1LHNHUNq0Yv_zGqT-GDn0G_Bz1PGYKe93-p2G2cbg/edit#gid=1134222427&range=A1","Daily Rhythm") -> Daily Rhythm | C11: Shape the normal day around loops, table work, independent work, outside commitments, and Mom’s attention.
A12: 9 | B12: =HYPERLINK("https://docs.google.com/spreadsheets/d/1Oo1LHNHUNq0Yv_zGqT-GDn0G_Bz1PGYKe93-p2G2cbg/edit#gid=1509443170&range=A1","Assignment View") -> Assignment View | C12: Filter, review, and print generated assignments by person, subject, strand, resource, date, or status.
A13: 10 | B13: =HYPERLINK("https://docs.google.com/spreadsheets/d/1Oo1LHNHUNq0Yv_zGqT-GDn0G_Bz1PGYKe93-p2G2cbg/edit#gid=1423517889&range=A1","What's Next") -> What's Next | C13: Use the daily dashboard to see the next incomplete work after the plan is built.
A14: Plot line | B14: See the feast. Place the strands. Plan the resources. View the term. Shape the day. Live the plan.
A15: Note | B15: Generated Plan and the helper sheets are workbook machinery. Most parents will not need to open or edit them.

Sheet Setup
A1: Setup
A2: Step 1 • Add active students, choose each child’s Form, and create only the groups your family will use. Done when every active child has a Form and your real groups are checked. Next: School Calendar.
A4: Students | M4: Dropdown Lists | S4: Active People + Groups Helper
A5: Use? | B5: Student | C5: Color | D5: Form | E5: Grade/Age | F5: Notes | G5: Mon | H5: Tue | I5: Wed | J5: Thu | K5: Fri | M5: Check | N5: Colors | O5: Modes | P5: Mom Roles | Q5: Unit Types | S5: Dropdown Value | T5: Source | U5: Note
A6: TRUE | B6: Lucy | C6: Pink | D6: Form III | E6: 7th | G6: TRUE | H6: TRUE | I6: TRUE | J6: FALSE | K6: TRUE | M6: ☑ | N6: Pink | O6: Group | P6: Mom-led | Q6: Chapter | S6: =IF(OR(A6=TRUE,A6="☑"),B6,"") -> Lucy | T6: Student
A7: TRUE | B7: Kayla | C7: Purple | D7: Form II | E7: 3rd | G7: TRUE | H7: TRUE | I7: TRUE | J7: FALSE | K7: TRUE | M7: ☐ | N7: Purple | O7: Individual | P7: Start together | Q7: Lesson | S7: =IF(OR(A7=TRUE,A7="☑"),B7,"") -> Kayla | T7: Student
A8: TRUE | B8: Charis | C8: Aqua | D8: Form I | E8: 1st | G8: TRUE | H8: TRUE | I8: TRUE | J8: FALSE | K8: TRUE | N8: Aqua | O8: Outside / Co-op | P8: Check-in | Q8: Page | S8: =IF(OR(A8=TRUE,A8="☑"),B8,"") -> Charis | T8: Student
A9: TRUE | B9: Jeremiah | C9: Gold | D9: Form IV | E9: 10th | G9: TRUE | H9: FALSE | I9: TRUE | J9: FALSE | K9: TRUE | N9: Gold | P9: Independent | Q9: Week | S9: =IF(OR(A9=TRUE,A9="☑"),B9,"") -> Jeremiah | T9: Student
A10: FALSE | B10: Child 5 | C10: Blue | D10: Form V-VI | G10: FALSE | H10: FALSE | I10: FALSE | J10: FALSE | K10: FALSE | N10: Blue | P10: Outside teacher | Q10: Story | S10: =IF(OR(A10=TRUE,A10="☑"),B10,"") | T10: Student
A11: FALSE | B11: Child 6 | C11: Green | G11: FALSE | H11: FALSE | I11: FALSE | J11: FALSE | K11: FALSE | N11: Green | Q11: Unit | S11: =IF(OR(A11=TRUE,A11="☑"),B11,"") | T11: Student
A12: FALSE | B12: Child 7 | C12: Coral | G12: FALSE | H12: FALSE | I12: FALSE | J12: FALSE | K12: FALSE | N12: Coral | Q12: Reading | S12: =IF(OR(A12=TRUE,A12="☑"),B12,"") | T12: Student
A13: FALSE | B13: Child 8 | C13: Gray | G13: FALSE | H13: FALSE | I13: FALSE | J13: FALSE | K13: FALSE | N13: Gray | S13: =IF(OR(A13=TRUE,A13="☑"),B13,"") | T13: Student
T14: Built-in | U14: Use when strand happens separately for each active student
A15: Student Groups | T15: Built-in | U15: Use for outside/co-op or optional blocks
A16: Use? | B16: Group Name | C16: Lucy | D16: Kayla | E16: Charis | F16: Jeremiah | G16: Child 5 | H16: Child 6 | I16: Child 7 | J16: Child 8 | K16: Notes | S16: =IF(OR(A17=TRUE,A17="☑"),B17,"") -> Everyone | T16: Group
A17: TRUE | B17: Everyone | C17: TRUE | D17: TRUE | E17: TRUE | F17: TRUE | G17: FALSE | H17: FALSE | I17: FALSE | J17: FALSE | K17: family subjects | S17: =IF(OR(A18=TRUE,A18="☑"),B18,"") -> Little Girls | T17: Group
A18: TRUE | B18: Little Girls | C18: FALSE | D18: TRUE | E18: TRUE | F18: FALSE | G18: FALSE | H18: FALSE | I18: FALSE | J18: FALSE | S18: =IF(OR(A19=TRUE,A19="☑"),B19,"") -> All the Girls | T18: Group
A19: TRUE | B19: All the Girls | C19: TRUE | D19: TRUE | E19: TRUE | F19: FALSE | G19: FALSE | H19: FALSE | I19: FALSE | J19: FALSE | S19: =IF(OR(A20=TRUE,A20="☑"),B20,"") -> Older Students | T19: Group
A20: TRUE | B20: Older Students | C20: TRUE | D20: FALSE | E20: FALSE | F20: TRUE | G20: FALSE | H20: FALSE | I20: FALSE | J20: FALSE | S20: =IF(OR(A21=TRUE,A21="☑"),B21,"") | T20: Group
A21: FALSE | B21: Custom Group 1 | C21: FALSE | D21: FALSE | E21: FALSE | F21: FALSE | G21: FALSE | H21: FALSE | I21: FALSE | J21: FALSE | S21: =IF(OR(A22=TRUE,A22="☑"),B22,"") | T21: Group
A22: FALSE | B22: Custom Group 2 | C22: FALSE | D22: FALSE | E22: FALSE | F22: FALSE | G22: FALSE | H22: FALSE | I22: FALSE | J22: FALSE | S22: =IF(OR(A23=TRUE,A23="☑"),B23,"") | T22: Group
A23: FALSE | B23: Custom Group 3 | C23: FALSE | D23: FALSE | E23: FALSE | F23: FALSE | G23: FALSE | H23: FALSE | I23: FALSE | J23: FALSE | S23: =IF(OR(A24=TRUE,A24="☑"),B24,"") | T23: Group
A24: FALSE | B24: Custom Group 4 | C24: FALSE | D24: FALSE | E24: FALSE | F24: FALSE | G24: FALSE | H24: FALSE | I24: FALSE | J24: FALSE | S24: =IF(OR(A25=TRUE,A25="☑"),B25,"") | T24: Group
A25: FALSE | B25: Custom Group 5 | C25: FALSE | D25: FALSE | E25: FALSE | F25: FALSE | G25: FALSE | H25: FALSE | I25: FALSE | J25: FALSE | S25: =IF(OR(A26=TRUE,A26="☑"),B26,"") | T25: Group
A26: FALSE | B26: Custom Group 6 | C26: FALSE | D26: FALSE | E26: FALSE | F26: FALSE | G26: FALSE | H26: FALSE | I26: FALSE | J26: FALSE
A28: School Year Settings
A29: School Year Start Date | B29: ='School Calendar'!B5 -> 46244 | C29: Edit on School Calendar
A30: Planned School Year Length | B30: ='School Calendar'!B6 -> 36 | C30: Edit on School Calendar
A31: Number of Terms | B31: ='School Calendar'!B7 -> 3 | C31: Edit on School Calendar
A32: Weeks per Term | B32: ='School Calendar'!B8 -> 12 | C32: Edit on School Calendar
A33: Use Exam Weeks? | B33: ='School Calendar'!B9 -> Yes | C33: Edit on School Calendar
A34: Default School Days | B34: ='School Calendar'!B12 -> Monday, Tuesday, Wednesday, Thursday, Friday | C34: Edit on School Calendar
A36: Active Forms, automatic from student form choices.
A37: Status | B37: Form / Stage | C37: How this is determined
A38: ="☑" -> ☑ | B38: All Together | C38: Always active for family subjects
A39: =IF(SUMPRODUCT(($D$6:$D$13=B39)*((($A$6:$A$13="☑")+($A$6:$A$13=TRUE))>0))>0,"☑","☐") -> ☑ | B39: Form I | C39: Active when an active student uses this form
A40: =IF(SUMPRODUCT(($D$6:$D$13=B40)*((($A$6:$A$13="☑")+($A$6:$A$13=TRUE))>0))>0,"☑","☐") -> ☑ | B40: Form II | C40: Active when an active student uses this form
A41: =IF(SUMPRODUCT(($D$6:$D$13=B41)*((($A$6:$A$13="☑")+($A$6:$A$13=TRUE))>0))>0,"☑","☐") -> ☑ | B41: Form III | C41: Active when an active student uses this form
A42: =IF(SUMPRODUCT(($D$6:$D$13=B42)*((($A$6:$A$13="☑")+($A$6:$A$13=TRUE))>0))>0,"☑","☐") -> ☑ | B42: Form IV | C42: Active when an active student uses this form
A43: =IF(SUMPRODUCT(($D$6:$D$13=B43)*((($A$6:$A$13="☑")+($A$6:$A$13=TRUE))>0))>0,"☑","☐") -> ☐ | B43: Form V-VI | C43: Active when an active student uses this form
A44: TRUE | B44: Family Choice | C44: Always active for family-created strands

Sheet School Calendar
A1: School Calendar
A2: Step 2 • Set the school year and add breaks, holidays, recurring co-op days, appointments, or other exceptions below. A full week with no counted school days does not use a term week; exam week moves to the next counted school week. Next: Family Map.
A4: 1. School Year Setup | H4: 3. Advanced Attendance Settings | N4: Day Type Options | O4: School Day Options | P4: Rhythm Options
A5: School Year Start Date | B5: 46244 | J5: Most families can leave this Monday-Friday for attendance purposes. | N5: Break | O5: Yes | P5: Skip
A6: Planned School Year Length | B6: 36 | H6: Day | I6: Use? | J6: Use Calendar Exceptions to mark co-op days, park days, short days, breaks, holidays, or travel. | N6: Holiday | O6: No | P6: Normal rhythm
A7: Number of Terms | B7: 3 | H7: Monday | I7: TRUE | J7: Daily Rhythm controls what actually happens at home. | N7: Co-op Day | O7: Partial | P7: Short rhythm
A8: Weeks per Term | B8: 12 | H8: Tuesday | I8: TRUE | N8: Park Day | P8: Outside / co-op only
A9: Use Exam Weeks? | B9: Yes | H9: Wednesday | I9: TRUE | J9: Automatic weekday summary | N9: Nature Day | P9: Nature / park day
A10: Calculated Last School Day | B10: =IFERROR(LOOKUP(2,1/(($H$44:$H$408=TRUE)*($J$44:$J$408=$B$6)),$A$44:$A$408),"") | H10: Thursday | I10: TRUE | J10: =$B$12 -> Monday, Tuesday, Wednesday, Thursday, Friday | N10: Appointment / Short Day | P10: Gather + daily skills only
A11: Manual Last Day Override, optional | H11: Friday | I11: TRUE | N11: Travel Day | P11: Custom
B12: =TEXTJOIN(", ",TRUE,IF(I7,H7,""),IF(I8,H8,""),IF(I9,H9,""),IF(I10,H10,""),IF(I11,H11,""),IF(I12,H12,""),IF(I13,H13,"")) -> Monday, Tuesday, Wednesday, Thursday, Friday | H12: Saturday | I12: FALSE
A13: Add breaks, holidays, recurring co-op days, park days, short days, travel, or other exceptions here. Tip: Double-click a Start Date or End Date cell to open the calendar. | H13: Sunday | I13: FALSE | N13: Other
A14: 2. Calendar Exceptions
A15: Start Date | B15: End Date | C15: Applies On | D15: Day Type | E15: Name / Details, optional | F15: Counts as School Day? | G15: Rhythm Adjustment
F17: FALSE
F18: FALSE
F19: FALSE
F20: FALSE
F21: FALSE
F22: FALSE
F23: FALSE
F24: FALSE
F25: FALSE
F26: FALSE
F27: FALSE
F28: FALSE
... F35: FALSE
A36: Enter breaks, holidays, recurring weekday exceptions, appointments, travel days, or other calendar changes here.
A41: 4. Generated Calendar, formula output
A42: This table powers future scheduling. Most users do not need to edit it.
A43: Date | B43: Day of Week | C43: Default School Day? | D43: Day Type | E43: Name / Details | F43: Counts as School Day? | G43: Rhythm Adjustment | H43: School Day? | I43: School Day Number | J43: School Week | K43: Term | L43: Term Week | M43: Exam Week? | N43: Week Start Helper | O43: Counted School Week? | Q43: Exception Row Helper
A44: =$B$5 -> 46244 | B44: =TEXT(A44,"dddd") -> Monday | C44: =IFERROR(INDEX($I$7:$I$13,MATCH(B44,$H$7:$H$13,0)),FALSE) -> TRUE | D44: =IF($Q44=0,"",INDEX($D$16:$D$35,$Q44-ROW($A$16)+1)) | E44: =IF($Q44=0,"",INDEX($E$16:$E$35,$Q44-ROW($A$16)+1)) | F44: =IF($Q44=0,"",INDEX($F$16:$F$35,$Q44-ROW($A$16)+1)) | G44: =IF($Q44=0,"",INDEX($G$16:$G$35,$Q44-ROW($A$16)+1)) | H44: =IF(F44="",C44,F44) -> TRUE | I44: =IF(H44,COUNTIF($H$44:H44,TRUE),"") -> 1 | J44: =IFERROR(__xludf.DUMMYFUNCTION("IF(O44,LET(w,IFERROR(MATCH(N44,UNIQUE(FILTER($N$44:$N$408,$O$44:$O$408=TRUE)),0),""""),IF(OR(w="""",w>$B$6),"""",w)),"""")"),1.0) -> 1 | K44: =IF(J44="","","Term "&MIN($B$7,ROUNDUP(J44/$B$8,0))) -> Term 1 | L44: =IF(J44="","",MOD(J44-1,$B$8)+1) -> 1 | M44: =IF(J44="",FALSE,AND($B$9="Yes",MOD(J44,$B$8)=0)) -> FALSE | N44: =A44-WEEKDAY(A44,2)+1 -> 46244 | O44: =SUMPRODUCT(($N$44:$N$408=N44)*(WEEKDAY($A$44:$A$408,2)<=5)*--($H$44:$H$408=TRUE))>0 -> TRUE | Q44: =LET(base,IFERROR(INT(LOG(SUMPRODUCT(($A$16:$A$35<>"")*($B$16:$B$35<>"")*(A44>=$A$16:$A$35)*(A44<=$B$16:$B$35)*--((($C$16:$C$35="All dates")+($C$16:$C$35=B44))>0),{1;2;4;8;16;32;64;128;256;512;1024;2048;4096;8192;16384;32768;65536;131072;262144;524288}),2))+16,0),breakRow,IFERROR(INT(LOG(SUMPRODUCT(($A$16:$A$35<>"")*($B$16:$B$35<>"")*(A44>=$A$16:$A$35)*(A44<=$B$16:$B$35)*--((($C$16:$C$35="All dates")+($C$16:$C$35=B44))>0)*($F$16:$F$35=FALSE)*($F$16:$F$35<>"")*--((($D$16:$D$35="Break")+($D$16:$D$35="Holiday"))>0),{1;2;4;8;16;32;64;128;256;512;1024;2048;4096;8192;16384;32768;65536;131072;262144;524288}),2))+16,0),baseStatus,IF(base=0,"",INDEX($F$16:$F$35,base-15)),singleRow,IFERROR(INT(LOG(SUMPRODUCT(($A$16:$A$35<>"")*($B$16:$B$35<>"")*(A44>=$A$16:$A$35)*(A44<=$B$16:$B$35)*--((($C$16:$C$35="All dates")+($C$16:$C$35=B44))>0)*($A$16:$A$35=$B$16:$B$35)*($F$16:$F$35=baseStatus),{1;2;4;8;16;32;64;128;256;512;1024;2048;4096;8192;16384;32768;65536;131072;262144;524288}),2))+16,0),IF(breakRow>0,breakRow,IF(singleRow>0,singleRow,base))) -> 0
A45: =A44+1 -> 46245 | B45: =TEXT(A45,"dddd") -> Tuesday | C45: =IFERROR(INDEX($I$7:$I$13,MATCH(B45,$H$7:$H$13,0)),FALSE) -> TRUE | D45: =IF($Q45=0,"",INDEX($D$16:$D$35,$Q45-ROW($A$16)+1)) | E45: =IF($Q45=0,"",INDEX($E$16:$E$35,$Q45-ROW($A$16)+1)) | F45: =IF($Q45=0,"",INDEX($F$16:$F$35,$Q45-ROW($A$16)+1)) | G45: =IF($Q45=0,"",INDEX($G$16:$G$35,$Q45-ROW($A$16)+1)) | H45: =IF(F45="",C45,F45) -> TRUE | I45: =IF(H45,COUNTIF($H$44:H45,TRUE),"") -> 2 | J45: =IFERROR(__xludf.DUMMYFUNCTION("IF(O45,LET(w,IFERROR(MATCH(N45,UNIQUE(FILTER($N$44:$N$408,$O$44:$O$408=TRUE)),0),""""),IF(OR(w="""",w>$B$6),"""",w)),"""")"),1.0) -> 1 | K45: =IF(J45="","","Term "&MIN($B$7,ROUNDUP(J45/$B$8,0))) -> Term 1 | L45: =IF(J45="","",MOD(J45-1,$B$8)+1) -> 1 | M45: =IF(J45="",FALSE,AND($B$9="Yes",MOD(J45,$B$8)=0)) -> FALSE | N45: =A45-WEEKDAY(A45,2)+1 -> 46244 | O45: =SUMPRODUCT(($N$44:$N$408=N45)*(WEEKDAY($A$44:$A$408,2)<=5)*--($H$44:$H$408=TRUE))>0 -> TRUE | Q45: =LET(base,IFERROR(INT(LOG(SUMPRODUCT(($A$16:$A$35<>"")*($B$16:$B$35<>"")*(A45>=$A$16:$A$35)*(A45<=$B$16:$B$35)*--((($C$16:$C$35="All dates")+($C$16:$C$35=B45))>0),{1;2;4;8;16;32;64;128;256;512;1024;2048;4096;8192;16384;32768;65536;131072;262144;524288}),2))+16,0),breakRow,IFERROR(INT(LOG(SUMPRODUCT(($A$16:$A$35<>"")*($B$16:$B$35<>"")*(A45>=$A$16:$A$35)*(A45<=$B$16:$B$35)*--((($C$16:$C$35="All dates")+($C$16:$C$35=B45))>0)*($F$16:$F$35=FALSE)*($F$16:$F$35<>"")*--((($D$16:$D$35="Break")+($D$16:$D$35="Holiday"))>0),{1;2;4;8;16;32;64;128;256;512;1024;2048;4096;8192;16384;32768;65536;131072;262144;524288}),2))+16,0),baseStatus,IF(base=0,"",INDEX($F$16:$F$35,base-15)),singleRow,IFERROR(INT(LOG(SUMPRODUCT(($A$16:$A$35<>"")*($B$16:$B$35<>"")*(A45>=$A$16:$A$35)*(A45<=$B$16:$B$35)*--((($C$16:$C$35="All dates")+($C$16:$C$35=B45))>0)*($A$16:$A$35=$B$16:$B$35)*($F$16:$F$35=baseStatus),{1;2;4;8;16;32;64;128;256;512;1024;2048;4096;8192;16384;32768;65536;131072;262144;524288}),2))+16,0),IF(breakRow>0,breakRow,IF(singleRow>0,singleRow,base))) -> 0
A46: =A45+1 -> 46246 | B46: =TEXT(A46,"dddd") -> Wednesday | C46: =IFERROR(INDEX($I$7:$I$13,MATCH(B46,$H$7:$H$13,0)),FALSE) -> TRUE | D46: =IF($Q46=0,"",INDEX($D$16:$D$35,$Q46-ROW($A$16)+1)) | E46: =IF($Q46=0,"",INDEX($E$16:$E$35,$Q46-ROW($A$16)+1)) | F46: =IF($Q46=0,"",INDEX($F$16:$F$35,$Q46-ROW($A$16)+1)) | G46: =IF($Q46=0,"",INDEX($G$16:$G$35,$Q46-ROW($A$16)+1)) | H46: =IF(F46="",C46,F46) -> TRUE | I46: =IF(H46,COUNTIF($H$44:H46,TRUE),"") -> 3 | J46: =IFERROR(__xludf.DUMMYFUNCTION("IF(O46,LET(w,IFERROR(MATCH(N46,UNIQUE(FILTER($N$44:$N$408,$O$44:$O$408=TRUE)),0),""""),IF(OR(w="""",w>$B$6),"""",w)),"""")"),1.0) -> 1 | K46: =IF(J46="","","Term "&MIN($B$7,ROUNDUP(J46/$B$8,0))) -> Term 1 | L46: =IF(J46="","",MOD(J46-1,$B$8)+1) -> 1 | M46: =IF(J46="",FALSE,AND($B$9="Yes",MOD(J46,$B$8)=0)) -> FALSE | N46: =A46-WEEKDAY(A46,2)+1 -> 46244 | O46: =SUMPRODUCT(($N$44:$N$408=N46)*(WEEKDAY($A$44:$A$408,2)<=5)*--($H$44:$H$408=TRUE))>0 -> TRUE | Q46: =LET(base,IFERROR(INT(LOG(SUMPRODUCT(($A$16:$A$35<>"")*($B$16:$B$35<>"")*(A46>=$A$16:$A$35)*(A46<=$B$16:$B$35)*--((($C$16:$C$35="All dates")+($C$16:$C$35=B46))>0),{1;2;4;8;16;32;64;128;256;512;1024;2048;4096;8192;16384;32768;65536;131072;262144;524288}),2))+16,0),breakRow,IFERROR(INT(LOG(SUMPRODUCT(($A$16:$A$35<>"")*($B$16:$B$35<>"")*(A46>=$A$16:$A$35)*(A46<=$B$16:$B$35)*--((($C$16:$C$35="All dates")+($C$16:$C$35=B46))>0)*($F$16:$F$35=FALSE)*($F$16:$F$35<>"")*--((($D$16:$D$35="Break")+($D$16:$D$35="Holiday"))>0),{1;2;4;8;16;32;64;128;256;512;1024;2048;4096;8192;16384;32768;65536;131072;262144;524288}),2))+16,0),baseStatus,IF(base=0,"",INDEX($F$16:$F$35,base-15)),singleRow,IFERROR(INT(LOG(SUMPRODUCT(($A$16:$A$35<>"")*($B$16:$B$35<>"")*(A46>=$A$16:$A$35)*(A46<=$B$16:$B$35)*--((($C$16:$C$35="All dates")+($C$16:$C$35=B46))>0)*($A$16:$A$35=$B$16:$B$35)*($F$16:$F$35=baseStatus),{1;2;4;8;16;32;64;128;256;512;1024;2048;4096;8192;16384;32768;65536;131072;262144;524288}),2))+16,0),IF(breakRow>0,breakRow,IF(singleRow>0,singleRow,base))) -> 0
A47: =A46+1 -> 46247 | B47: =TEXT(A47,"dddd") -> Thursday | C47: =IFERROR(INDEX($I$7:$I$13,MATCH(B47,$H$7:$H$13,0)),FALSE) -> TRUE | D47: =IF($Q47=0,"",INDEX($D$16:$D$35,$Q47-ROW($A$16)+1)) | E47: =IF($Q47=0,"",INDEX($E$16:$E$35,$Q47-ROW($A$16)+1)) | F47: =IF($Q47=0,"",INDEX($F$16:$F$35,$Q47-ROW($A$16)+1)) | G47: =IF($Q47=0,"",INDEX($G$16:$G$35,$Q47-ROW($A$16)+1)) | H47: =IF(F47="",C47,F47) -> TRUE | I47: =IF(H47,COUNTIF($H$44:H47,TRUE),"") -> 4 | J47: =IFERROR(__xludf.DUMMYFUNCTION("IF(O47,LET(w,IFERROR(MATCH(N47,UNIQUE(FILTER($N$44:$N$408,$O$44:$O$408=TRUE)),0),""""),IF(OR(w="""",w>$B$6),"""",w)),"""")"),1.0) -> 1 | K47: =IF(J47="","","Term "&MIN($B$7,ROUNDUP(J47/$B$8,0))) -> Term 1 | L47: =IF(J47="","",MOD(J47-1,$B$8)+1) -> 1 | M47: =IF(J47="",FALSE,AND($B$9="Yes",MOD(J47,$B$8)=0)) -> FALSE | N47: =A47-WEEKDAY(A47,2)+1 -> 46244 | O47: =SUMPRODUCT(($N$44:$N$408=N47)*(WEEKDAY($A$44:$A$408,2)<=5)*--($H$44:$H$408=TRUE))>0 -> TRUE | Q47: =LET(base,IFERROR(INT(LOG(SUMPRODUCT(($A$16:$A$35<>"")*($B$16:$B$35<>"")*(A47>=$A$16:$A$35)*(A47<=$B$16:$B$35)*--((($C$16:$C$35="All dates")+($C$16:$C$35=B47))>0),{1;2;4;8;16;32;64;128;256;512;1024;2048;4096;8192;16384;32768;65536;131072;262144;524288}),2))+16,0),breakRow,IFERROR(INT(LOG(SUMPRODUCT(($A$16:$A$35<>"")*($B$16:$B$35<>"")*(A47>=$A$16:$A$35)*(A47<=$B$16:$B$35)*--((($C$16:$C$35="All dates")+($C$16:$C$35=B47))>0)*($F$16:$F$35=FALSE)*($F$16:$F$35<>"")*--((($D$16:$D$35="Break")+($D$16:$D$35="Holiday"))>0),{1;2;4;8;16;32;64;128;256;512;1024;2048;4096;8192;16384;32768;65536;131072;262144;524288}),2))+16,0),baseStatus,IF(base=0,"",INDEX($F$16:$F$35,base-15)),singleRow,IFERROR(INT(LOG(SUMPRODUCT(($A$16:$A$35<>"")*($B$16:$B$35<>"")*(A47>=$A$16:$A$35)*(A47<=$B$16:$B$35)*--((($C$16:$C$35="All dates")+($C$16:$C$35=B47))>0)*($A$16:$A$35=$B$16:$B$35)*($F$16:$F$35=baseStatus),{1;2;4;8;16;32;64;128;256;512;1024;2048;4096;8192;16384;32768;65536;131072;262144;524288}),2))+16,0),IF(breakRow>0,breakRow,IF(singleRow>0,singleRow,base))) -> 0
A48: =A47+1 -> 46248 | B48: =TEXT(A48,"dddd") -> Friday | C48: =IFERROR(INDEX($I$7:$I$13,MATCH(B48,$H$7:$H$13,0)),FALSE) -> TRUE | D48: =IF($Q48=0,"",INDEX($D$16:$D$35,$Q48-ROW($A$16)+1)) | E48: =IF($Q48=0,"",INDEX($E$16:$E$35,$Q48-ROW($A$16)+1)) | F48: =IF($Q48=0,"",INDEX($F$16:$F$35,$Q48-ROW($A$16)+1)) | G48: =IF($Q48=0,"",INDEX($G$16:$G$35,$Q48-ROW($A$16)+1)) | H48: =IF(F48="",C48,F48) -> TRUE | I48: =IF(H48,COUNTIF($H$44:H48,TRUE),"") -> 5 | J48: =IFERROR(__xludf.DUMMYFUNCTION("IF(O48,LET(w,IFERROR(MATCH(N48,UNIQUE(FILTER($N$44:$N$408,$O$44:$O$408=TRUE)),0),""""),IF(OR(w="""",w>$B$6),"""",w)),"""")"),1.0) -> 1 | K48: =IF(J48="","","Term "&MIN($B$7,ROUNDUP(J48/$B$8,0))) -> Term 1 | L48: =IF(J48="","",MOD(J48-1,$B$8)+1) -> 1 | M48: =IF(J48="",FALSE,AND($B$9="Yes",MOD(J48,$B$8)=0)) -> FALSE | N48: =A48-WEEKDAY(A48,2)+1 -> 46244 | O48: =SUMPRODUCT(($N$44:$N$408=N48)*(WEEKDAY($A$44:$A$408,2)<=5)*--($H$44:$H$408=TRUE))>0 -> TRUE | Q48: =LET(base,IFERROR(INT(LOG(SUMPRODUCT(($A$16:$A$35<>"")*($B$16:$B$35<>"")*(A48>=$A$16:$A$35)*(A48<=$B$16:$B$35)*--((($C$16:$C$35="All dates")+($C$16:$C$35=B48))>0),{1;2;4;8;16;32;64;128;256;512;1024;2048;4096;8192;16384;32768;65536;131072;262144;524288}),2))+16,0),breakRow,IFERROR(INT(LOG(SUMPRODUCT(($A$16:$A$35<>"")*($B$16:$B$35<>"")*(A48>=$A$16:$A$35)*(A48<=$B$16:$B$35)*--((($C$16:$C$35="All dates")+($C$16:$C$35=B48))>0)*($F$16:$F$35=FALSE)*($F$16:$F$35<>"")*--((($D$16:$D$35="Break")+($D$16:$D$35="Holiday"))>0),{1;2;4;8;16;32;64;128;256;512;1024;2048;4096;8192;16384;32768;65536;131072;262144;524288}),2))+16,0),baseStatus,IF(base=0,"",INDEX($F$16:$F$35,base-15)),singleRow,IFERROR(INT(LOG(SUMPRODUCT(($A$16:$A$35<>"")*($B$16:$B$35<>"")*(A48>=$A$16:$A$35)*(A48<=$B$16:$B$35)*--((($C$16:$C$35="All dates")+($C$16:$C$35=B48))>0)*($A$16:$A$35=$B$16:$B$35)*($F$16:$F$35=baseStatus),{1;2;4;8;16;32;64;128;256;512;1024;2048;4096;8192;16384;32768;65536;131072;262144;524288}),2))+16,0),IF(breakRow>0,breakRow,IF(singleRow>0,singleRow,base))) -> 0
A49: =A48+1 -> 46249 | B49: =TEXT(A49,"dddd") -> Saturday | C49: =IFERROR(INDEX($I$7:$I$13,MATCH(B49,$H$7:$H$13,0)),FALSE) -> FALSE | D49: =IF($Q49=0,"",INDEX($D$16:$D$35,$Q49-ROW($A$16)+1)) | E49: =IF($Q49=0,"",INDEX($E$16:$E$35,$Q49-ROW($A$16)+1)) | F49: =IF($Q49=0,"",INDEX($F$16:$F$35,$Q49-ROW($A$16)+1)) | G49: =IF($Q49=0,"",INDEX($G$16:$G$35,$Q49-ROW($A$16)+1)) | H49: =IF(F49="",C49,F49) -> FALSE | I49: =IF(H49,COUNTIF($H$44:H49,TRUE),"") | J49: =IFERROR(__xludf.DUMMYFUNCTION("IF(O49,LET(w,IFERROR(MATCH(N49,UNIQUE(FILTER($N$44:$N$408,$O$44:$O$408=TRUE)),0),""""),IF(OR(w="""",w>$B$6),"""",w)),"""")"),1.0) -> 1 | K49: =IF(J49="","","Term "&MIN($B$7,ROUNDUP(J49/$B$8,0))) -> Term 1 | L49: =IF(J49="","",MOD(J49-1,$B$8)+1) -> 1 | M49: =IF(J49="",FALSE,AND($B$9="Yes",MOD(J49,$B$8)=0)) -> FALSE | N49: =A49-WEEKDAY(A49,2)+1 -> 46244 | O49: =SUMPRODUCT(($N$44:$N$408=N49)*(WEEKDAY($A$44:$A$408,2)<=5)*--($H$44:$H$408=TRUE))>0 -> TRUE | Q49: =LET(base,IFERROR(INT(LOG(SUMPRODUCT(($A$16:$A$35<>"")*($B$16:$B$35<>"")*(A49>=$A$16:$A$35)*(A49<=$B$16:$B$35)*--((($C$16:$C$35="All dates")+($C$16:$C$35=B49))>0),{1;2;4;8;16;32;64;128;256;512;1024;2048;4096;8192;16384;32768;65536;131072;262144;524288}),2))+16,0),breakRow,IFERROR(INT(LOG(SUMPRODUCT(($A$16:$A$35<>"")*($B$16:$B$35<>"")*(A49>=$A$16:$A$35)*(A49<=$B$16:$B$35)*--((($C$16:$C$35="All dates")+($C$16:$C$35=B49))>0)*($F$16:$F$35=FALSE)*($F$16:$F$35<>"")*--((($D$16:$D$35="Break")+($D$16:$D$35="Holiday"))>0),{1;2;4;8;16;32;64;128;256;512;1024;2048;4096;8192;16384;32768;65536;131072;262144;524288}),2))+16,0),baseStatus,IF(base=0,"",INDEX($F$16:$F$35,base-15)),singleRow,IFERROR(INT(LOG(SUMPRODUCT(($A$16:$A$35<>"")*($B$16:$B$35<>"")*(A49>=$A$16:$A$35)*(A49<=$B$16:$B$35)*--((($C$16:$C$35="All dates")+($C$16:$C$35=B49))>0)*($A$16:$A$35=$B$16:$B$35)*($F$16:$F$35=baseStatus),{1;2;4;8;16;32;64;128;256;512;1024;2048;4096;8192;16384;32768;65536;131072;262144;524288}),2))+16,0),IF(breakRow>0,breakRow,IF(singleRow>0,singleRow,base))) -> 0
A50: =A49+1 -> 46250 | B50: =TEXT(A50,"dddd") -> Sunday | C50: =IFERROR(INDEX($I$7:$I$13,MATCH(B50,$H$7:$H$13,0)),FALSE) -> FALSE | D50: =IF($Q50=0,"",INDEX($D$16:$D$35,$Q50-ROW($A$16)+1)) | E50: =IF($Q50=0,"",INDEX($E$16:$E$35,$Q50-ROW($A$16)+1)) | F50: =IF($Q50=0,"",INDEX($F$16:$F$35,$Q50-ROW($A$16)+1)) | G50: =IF($Q50=0,"",INDEX($G$16:$G$35,$Q50-ROW($A$16)+1)) | H50: =IF(F50="",C50,F50) -> FALSE | I50: =IF(H50,COUNTIF($H$44:H50,TRUE),"") | J50: =IFERROR(__xludf.DUMMYFUNCTION("IF(O50,LET(w,IFERROR(MATCH(N50,UNIQUE(FILTER($N$44:$N$408,$O$44:$O$408=TRUE)),0),""""),IF(OR(w="""",w>$B$6),"""",w)),"""")"),1.0) -> 1 | K50: =IF(J50="","","Term "&MIN($B$7,ROUNDUP(J50/$B$8,0))) -> Term 1 | L50: =IF(J50="","",MOD(J50-1,$B$8)+1) -> 1 | M50: =IF(J50="",FALSE,AND($B$9="Yes",MOD(J50,$B$8)=0)) -> FALSE | N50: =A50-WEEKDAY(A50,2)+1 -> 46244 | O50: =SUMPRODUCT(($N$44:$N$408=N50)*(WEEKDAY($A$44:$A$408,2)<=5)*--($H$44:$H$408=TRUE))>0 -> TRUE | Q50: =LET(base,IFERROR(INT(LOG(SUMPRODUCT(($A$16:$A$35<>"")*($B$16:$B$35<>"")*(A50>=$A$16:$A$35)*(A50<=$B$16:$B$35)*--((($C$16:$C$35="All dates")+($C$16:$C$35=B50))>0),{1;2;4;8;16;32;64;128;256;512;1024;2048;4096;8192;16384;32768;65536;131072;262144;524288}),2))+16,0),breakRow,IFERROR(INT(LOG(SUMPRODUCT(($A$16:$A$35<>"")*($B$16:$B$35<>"")*(A50>=$A$16:$A$35)*(A50<=$B$16:$B$35)*--((($C$16:$C$35="All dates")+($C$16:$C$35=B50))>0)*($F$16:$F$35=FALSE)*($F$16:$F$35<>"")*--((($D$16:$D$35="Break")+($D$16:$D$35="Holiday"))>0),{1;2;4;8;16;32;64;128;256;512;1024;2048;4096;8192;16384;32768;65536;131072;262144;524288}),2))+16,0),baseStatus,IF(base=0,"",INDEX($F$16:$F$35,base-15)),singleRow,IFERROR(INT(LOG(SUMPRODUCT(($A$16:$A$35<>"")*($B$16:$B$35<>"")*(A50>=$A$16:$A$35)*(A50<=$B$16:$B$35)*--((($C$16:$C$35="All dates")+($C$16:$C$35=B50))>0)*($A$16:$A$35=$B$16:$B$35)*($F$16:$F$35=baseStatus),{1;2;4;8;16;32;64;128;256;512;1024;2048;4096;8192;16384;32768;65536;131072;262144;524288}),2))+16,0),IF(breakRow>0,breakRow,IF(singleRow>0,singleRow,base))) -> 0
A51: =A50+1 -> 46251 | B51: =TEXT(A51,"dddd") -> Monday | C51: =IFERROR(INDEX($I$7:$I$13,MATCH(B51,$H$7:$H$13,0)),FALSE) -> TRUE | D51: =IF($Q51=0,"",INDEX($D$16:$D$35,$Q51-ROW($A$16)+1)) | E51: =IF($Q51=0,"",INDEX($E$16:$E$35,$Q51-ROW($A$16)+1)) | F51: =IF($Q51=0,"",INDEX($F$16:$F$35,$Q51-ROW($A$16)+1)) | G51: =IF($Q51=0,"",INDEX($G$16:$G$35,$Q51-ROW($A$16)+1)) | H51: =IF(F51="",C51,F51) -> TRUE | I51: =IF(H51,COUNTIF($H$44:H51,TRUE),"") -> 6 | J51: =IFERROR(__xludf.DUMMYFUNCTION("IF(O51,LET(w,IFERROR(MATCH(N51,UNIQUE(FILTER($N$44:$N$408,$O$44:$O$408=TRUE)),0),""""),IF(OR(w="""",w>$B$6),"""",w)),"""")"),2.0) -> 2 | K51: =IF(J51="","","Term "&MIN($B$7,ROUNDUP(J51/$B$8,0))) -> Term 1 | L51: =IF(J51="","",MOD(J51-1,$B$8)+1) -> 2 | M51: =IF(J51="",FALSE,AND($B$9="Yes",MOD(J51,$B$8)=0)) -> FALSE | N51: =A51-WEEKDAY(A51,2)+1 -> 46251 | O51: =SUMPRODUCT(($N$44:$N$408=N51)*(WEEKDAY($A$44:$A$408,2)<=5)*--($H$44:$H$408=TRUE))>0 -> TRUE | Q51: =LET(base,IFERROR(INT(LOG(SUMPRODUCT(($A$16:$A$35<>"")*($B$16:$B$35<>"")*(A51>=$A$16:$A$35)*(A51<=$B$16:$B$35)*--((($C$16:$C$35="All dates")+($C$16:$C$35=B51))>0),{1;2;4;8;16;32;64;128;256;512;1024;2048;4096;8192;16384;32768;65536;131072;262144;524288}),2))+16,0),breakRow,IFERROR(INT(LOG(SUMPRODUCT(($A$16:$A$35<>"")*($B$16:$B$35<>"")*(A51>=$A$16:$A$35)*(A51<=$B$16:$B$35)*--((($C$16:$C$35="All dates")+($C$16:$C$35=B51))>0)*($F$16:$F$35=FALSE)*($F$16:$F$35<>"")*--((($D$16:$D$35="Break")+($D$16:$D$35="Holiday"))>0),{1;2;4;8;16;32;64;128;256;512;1024;2048;4096;8192;16384;32768;65536;131072;262144;524288}),2))+16,0),baseStatus,IF(base=0,"",INDEX($F$16:$F$35,base-15)),singleRow,IFERROR(INT(LOG(SUMPRODUCT(($A$16:$A$35<>"")*($B$16:$B$35<>"")*(A51>=$A$16:$A$35)*(A51<=$B$16:$B$35)*--((($C$16:$C$35="All dates")+($C$16:$C$35=B51))>0)*($A$16:$A$35=$B$16:$B$35)*($F$16:$F$35=baseStatus),{1;2;4;8;16;32;64;128;256;512;1024;2048;4096;8192;16384;32768;65536;131072;262144;524288}),2))+16,0),IF(breakRow>0,breakRow,IF(singleRow>0,singleRow,base))) -> 0
A52: =A51+1 -> 46252 | B52: =TEXT(A52,"dddd") -> Tuesday | C52: =IFERROR(INDEX($I$7:$I$13,MATCH(B52,$H$7:$H$13,0)),FALSE) -> TRUE | D52: =IF($Q52=0,"",INDEX($D$16:$D$35,$Q52-ROW($A$16)+1)) | E52: =IF($Q52=0,"",INDEX($E$16:$E$35,$Q52-ROW($A$16)+1)) | F52: =IF($Q52=0,"",INDEX($F$16:$F$35,$Q52-ROW($A$16)+1)) | G52: =IF($Q52=0,"",INDEX($G$16:$G$35,$Q52-ROW($A$16)+1)) | H52: =IF(F52="",C52,F52) -> TRUE | I52: =IF(H52,COUNTIF($H$44:H52,TRUE),"") -> 7 | J52: =IFERROR(__xludf.DUMMYFUNCTION("IF(O52,LET(w,IFERROR(MATCH(N52,UNIQUE(FILTER($N$44:$N$408,$O$44:$O$408=TRUE)),0),""""),IF(OR(w="""",w>$B$6),"""",w)),"""")"),2.0) -> 2 | K52: =IF(J52="","","Term "&MIN($B$7,ROUNDUP(J52/$B$8,0))) -> Term 1 | L52: =IF(J52="","",MOD(J52-1,$B$8)+1) -> 2 | M52: =IF(J52="",FALSE,AND($B$9="Yes",MOD(J52,$B$8)=0)) -> FALSE | N52: =A52-WEEKDAY(A52,2)+1 -> 46251 | O52: =SUMPRODUCT(($N$44:$N$408=N52)*(WEEKDAY($A$44:$A$408,2)<=5)*--($H$44:$H$408=TRUE))>0 -> TRUE | Q52: =LET(base,IFERROR(INT(LOG(SUMPRODUCT(($A$16:$A$35<>"")*($B$16:$B$35<>"")*(A52>=$A$16:$A$35)*(A52<=$B$16:$B$35)*--((($C$16:$C$35="All dates")+($C$16:$C$35=B52))>0),{1;2;4;8;16;32;64;128;256;512;1024;2048;4096;8192;16384;32768;65536;131072;262144;524288}),2))+16,0),breakRow,IFERROR(INT(LOG(SUMPRODUCT(($A$16:$A$35<>"")*($B$16:$B$35<>"")*(A52>=$A$16:$A$35)*(A52<=$B$16:$B$35)*--((($C$16:$C$35="All dates")+($C$16:$C$35=B52))>0)*($F$16:$F$35=FALSE)*($F$16:$F$35<>"")*--((($D$16:$D$35="Break")+($D$16:$D$35="Holiday"))>0),{1;2;4;8;16;32;64;128;256;512;1024;2048;4096;8192;16384;32768;65536;131072;262144;524288}),2))+16,0),baseStatus,IF(base=0,"",INDEX($F$16:$F$35,base-15)),singleRow,IFERROR(INT(LOG(SUMPRODUCT(($A$16:$A$35<>"")*($B$16:$B$35<>"")*(A52>=$A$16:$A$35)*(A52<=$B$16:$B$35)*--((($C$16:$C$35="All dates")+($C$16:$C$35=B52))>0)*($A$16:$A$35=$B$16:$B$35)*($F$16:$F$35=baseStatus),{1;2;4;8;16;32;64;128;256;512;1024;2048;4096;8192;16384;32768;65536;131072;262144;524288}),2))+16,0),IF(breakRow>0,breakRow,IF(singleRow>0,singleRow,base))) -> 0
A53: =A52+1 -> 46253 | B53: =TEXT(A53,"dddd") -> Wednesday | C53: =IFERROR(INDEX($I$7:$I$13,MATCH(B53,$H$7:$H$13,0)),FALSE) -> TRUE | D53: =IF($Q53=0,"",INDEX($D$16:$D$35,$Q53-ROW($A$16)+1)) | E53: =IF($Q53=0,"",INDEX($E$16:$E$35,$Q53-ROW($A$16)+1)) | F53: =IF($Q53=0,"",INDEX($F$16:$F$35,$Q53-ROW($A$16)+1)) | G53: =IF($Q53=0,"",INDEX($G$16:$G$35,$Q53-ROW($A$16)+1)) | H53: =IF(F53="",C53,F53) -> TRUE | I53: =IF(H53,COUNTIF($H$44:H53,TRUE),"") -> 8 | J53: =IFERROR(__xludf.DUMMYFUNCTION("IF(O53,LET(w,IFERROR(MATCH(N53,UNIQUE(FILTER($N$44:$N$408,$O$44:$O$408=TRUE)),0),""""),IF(OR(w="""",w>$B$6),"""",w)),"""")"),2.0) -> 2 | K53: =IF(J53="","","Term "&MIN($B$7,ROUNDUP(J53/$B$8,0))) -> Term 1 | L53: =IF(J53="","",MOD(J53-1,$B$8)+1) -> 2 | M53: =IF(J53="",FALSE,AND($B$9="Yes",MOD(J53,$B$8)=0)) -> FALSE | N53: =A53-WEEKDAY(A53,2)+1 -> 46251 | O53: =SUMPRODUCT(($N$44:$N$408=N53)*(WEEKDAY($A$44:$A$408,2)<=5)*--($H$44:$H$408=TRUE))>0 -> TRUE | Q53: =LET(base,IFERROR(INT(LOG(SUMPRODUCT(($A$16:$A$35<>"")*($B$16:$B$35<>"")*(A53>=$A$16:$A$35)*(A53<=$B$16:$B$35)*--((($C$16:$C$35="All dates")+($C$16:$C$35=B53))>0),{1;2;4;8;16;32;64;128;256;512;1024;2048;4096;8192;16384;32768;65536;131072;262144;524288}),2))+16,0),breakRow,IFERROR(INT(LOG(SUMPRODUCT(($A$16:$A$35<>"")*($B$16:$B$35<>"")*(A53>=$A$16:$A$35)*(A53<=$B$16:$B$35)*--((($C$16:$C$35="All dates")+($C$16:$C$35=B53))>0)*($F$16:$F$35=FALSE)*($F$16:$F$35<>"")*--((($D$16:$D$35="Break")+($D$16:$D$35="Holiday"))>0),{1;2;4;8;16;32;64;128;256;512;1024;2048;4096;8192;16384;32768;65536;131072;262144;524288}),2))+16,0),baseStatus,IF(base=0,"",INDEX($F$16:$F$35,base-15)),singleRow,IFERROR(INT(LOG(SUMPRODUCT(($A$16:$A$35<>"")*($B$16:$B$35<>"")*(A53>=$A$16:$A$35)*(A53<=$B$16:$B$35)*--((($C$16:$C$35="All dates")+($C$16:$C$35=B53))>0)*($A$16:$A$35=$B$16:$B$35)*($F$16:$F$35=baseStatus),{1;2;4;8;16;32;64;128;256;512;1024;2048;4096;8192;16384;32768;65536;131072;262144;524288}),2))+16,0),IF(breakRow>0,breakRow,IF(singleRow>0,singleRow,base))) -> 0
A54: =A53+1 -> 46254 | B54: =TEXT(A54,"dddd") -> Thursday | C54: =IFERROR(INDEX($I$7:$I$13,MATCH(B54,$H$7:$H$13,0)),FALSE) -> TRUE | D54: =IF($Q54=0,"",INDEX($D$16:$D$35,$Q54-ROW($A$16)+1)) | E54: =IF($Q54=0,"",INDEX($E$16:$E$35,$Q54-ROW($A$16)+1)) | F54: =IF($Q54=0,"",INDEX($F$16:$F$35,$Q54-ROW($A$16)+1)) | G54: =IF($Q54=0,"",INDEX($G$16:$G$35,$Q54-ROW($A$16)+1)) | H54: =IF(F54="",C54,F54) -> TRUE | I54: =IF(H54,COUNTIF($H$44:H54,TRUE),"") -> 9 | J54: =IFERROR(__xludf.DUMMYFUNCTION("IF(O54,LET(w,IFERROR(MATCH(N54,UNIQUE(FILTER($N$44:$N$408,$O$44:$O$408=TRUE)),0),""""),IF(OR(w="""",w>$B$6),"""",w)),"""")"),2.0) -> 2 | K54: =IF(J54="","","Term "&MIN($B$7,ROUNDUP(J54/$B$8,0))) -> Term 1 | L54: =IF(J54="","",MOD(J54-1,$B$8)+1) -> 2 | M54: =IF(J54="",FALSE,AND($B$9="Yes",MOD(J54,$B$8)=0)) -> FALSE | N54: =A54-WEEKDAY(A54,2)+1 -> 46251 | O54: =SUMPRODUCT(($N$44:$N$408=N54)*(WEEKDAY($A$44:$A$408,2)<=5)*--($H$44:$H$408=TRUE))>0 -> TRUE | Q54: =LET(base,IFERROR(INT(LOG(SUMPRODUCT(($A$16:$A$35<>"")*($B$16:$B$35<>"")*(A54>=$A$16:$A$35)*(A54<=$B$16:$B$35)*--((($C$16:$C$35="All dates")+($C$16:$C$35=B54))>0),{1;2;4;8;16;32;64;128;256;512;1024;2048;4096;8192;16384;32768;65536;131072;262144;524288}),2))+16,0),breakRow,IFERROR(INT(LOG(SUMPRODUCT(($A$16:$A$35<>"")*($B$16:$B$35<>"")*(A54>=$A$16:$A$35)*(A54<=$B$16:$B$35)*--((($C$16:$C$35="All dates")+($C$16:$C$35=B54))>0)*($F$16:$F$35=FALSE)*($F$16:$F$35<>"")*--((($D$16:$D$35="Break")+($D$16:$D$35="Holiday"))>0),{1;2;4;8;16;32;64;128;256;512;1024;2048;4096;8192;16384;32768;65536;131072;262144;524288}),2))+16,0),baseStatus,IF(base=0,"",INDEX($F$16:$F$35,base-15)),singleRow,IFERROR(INT(LOG(SUMPRODUCT(($A$16:$A$35<>"")*($B$16:$B$35<>"")*(A54>=$A$16:$A$35)*(A54<=$B$16:$B$35)*--((($C$16:$C$35="All dates")+($C$16:$C$35=B54))>0)*($A$16:$A$35=$B$16:$B$35)*($F$16:$F$35=baseStatus),{1;2;4;8;16;32;64;128;256;512;1024;2048;4096;8192;16384;32768;65536;131072;262144;524288}),2))+16,0),IF(breakRow>0,breakRow,IF(singleRow>0,singleRow,base))) -> 0
A55: =A54+1 -> 46255 | B55: =TEXT(A55,"dddd") -> Friday | C55: =IFERROR(INDEX($I$7:$I$13,MATCH(B55,$H$7:$H$13,0)),FALSE) -> TRUE | D55: =IF($Q55=0,"",INDEX($D$16:$D$35,$Q55-ROW($A$16)+1)) | E55: =IF($Q55=0,"",INDEX($E$16:$E$35,$Q55-ROW($A$16)+1)) | F55: =IF($Q55=0,"",INDEX($F$16:$F$35,$Q55-ROW($A$16)+1)) | G55: =IF($Q55=0,"",INDEX($G$16:$G$35,$Q55-ROW($A$16)+1)) | H55: =IF(F55="",C55,F55) -> TRUE | I55: =IF(H55,COUNTIF($H$44:H55,TRUE),"") -> 10 | J55: =IFERROR(__xludf.DUMMYFUNCTION("IF(O55,LET(w,IFERROR(MATCH(N55,UNIQUE(FILTER($N$44:$N$408,$O$44:$O$408=TRUE)),0),""""),IF(OR(w="""",w>$B$6),"""",w)),"""")"),2.0) -> 2 | K55: =IF(J55="","","Term "&MIN($B$7,ROUNDUP(J55/$B$8,0))) -> Term 1 | L55: =IF(J55="","",MOD(J55-1,$B$8)+1) -> 2 | M55: =IF(J55="",FALSE,AND($B$9="Yes",MOD(J55,$B$8)=0)) -> FALSE | N55: =A55-WEEKDAY(A55,2)+1 -> 46251 | O55: =SUMPRODUCT(($N$44:$N$408=N55)*(WEEKDAY($A$44:$A$408,2)<=5)*--($H$44:$H$408=TRUE))>0 -> TRUE | Q55: =LET(base,IFERROR(INT(LOG(SUMPRODUCT(($A$16:$A$35<>"")*($B$16:$B$35<>"")*(A55>=$A$16:$A$35)*(A55<=$B$16:$B$35)*--((($C$16:$C$35="All dates")+($C$16:$C$35=B55))>0),{1;2;4;8;16;32;64;128;256;512;1024;2048;4096;8192;16384;32768;65536;131072;262144;524288}),2))+16,0),breakRow,IFERROR(INT(LOG(SUMPRODUCT(($A$16:$A$35<>"")*($B$16:$B$35<>"")*(A55>=$A$16:$A$35)*(A55<=$B$16:$B$35)*--((($C$16:$C$35="All dates")+($C$16:$C$35=B55))>0)*($F$16:$F$35=FALSE)*($F$16:$F$35<>"")*--((($D$16:$D$35="Break")+($D$16:$D$35="Holiday"))>0),{1;2;4;8;16;32;64;128;256;512;1024;2048;4096;8192;16384;32768;65536;131072;262144;524288}),2))+16,0),baseStatus,IF(base=0,"",INDEX($F$16:$F$35,base-15)),singleRow,IFERROR(INT(LOG(SUMPRODUCT(($A$16:$A$35<>"")*($B$16:$B$35<>"")*(A55>=$A$16:$A$35)*(A55<=$B$16:$B$35)*--((($C$16:$C$35="All dates")+($C$16:$C$35=B55))>0)*($A$16:$A$35=$B$16:$B$35)*($F$16:$F$35=baseStatus),{1;2;4;8;16;32;64;128;256;512;1024;2048;4096;8192;16384;32768;65536;131072;262144;524288}),2))+16,0),IF(breakRow>0,breakRow,IF(singleRow>0,singleRow,base))) -> 0
A56: =A55+1 -> 46256 | B56: =TEXT(A56,"dddd") -> Saturday | C56: =IFERROR(INDEX($I$7:$I$13,MATCH(B56,$H$7:$H$13,0)),FALSE) -> FALSE | D56: =IF($Q56=0,"",INDEX($D$16:$D$35,$Q56-ROW($A$16)+1)) | E56: =IF($Q56=0,"",INDEX($E$16:$E$35,$Q56-ROW($A$16)+1)) | F56: =IF($Q56=0,"",INDEX($F$16:$F$35,$Q56-ROW($A$16)+1)) | G56: =IF($Q56=0,"",INDEX($G$16:$G$35,$Q56-ROW($A$16)+1)) | H56: =IF(F56="",C56,F56) -> FALSE | I56: =IF(H56,COUNTIF($H$44:H56,TRUE),"") | J56: =IFERROR(__xludf.DUMMYFUNCTION("IF(O56,LET(w,IFERROR(MATCH(N56,UNIQUE(FILTER($N$44:$N$408,$O$44:$O$408=TRUE)),0),""""),IF(OR(w="""",w>$B$6),"""",w)),"""")"),2.0) -> 2 | K56: =IF(J56="","","Term "&MIN($B$7,ROUNDUP(J56/$B$8,0))) -> Term 1 | L56: =IF(J56="","",MOD(J56-1,$B$8)+1) -> 2 | M56: =IF(J56="",FALSE,AND($B$9="Yes",MOD(J56,$B$8)=0)) -> FALSE | N56: =A56-WEEKDAY(A56,2)+1 -> 46251 | O56: =SUMPRODUCT(($N$44:$N$408=N56)*(WEEKDAY($A$44:$A$408,2)<=5)*--($H$44:$H$408=TRUE))>0 -> TRUE | Q56: =LET(base,IFERROR(INT(LOG(SUMPRODUCT(($A$16:$A$35<>"")*($B$16:$B$35<>"")*(A56>=$A$16:$A$35)*(A56<=$B$16:$B$35)*--((($C$16:$C$35="All dates")+($C$16:$C$35=B56))>0),{1;2;4;8;16;32;64;128;256;512;1024;2048;4096;8192;16384;32768;65536;131072;262144;524288}),2))+16,0),breakRow,IFERROR(INT(LOG(SUMPRODUCT(($A$16:$A$35<>"")*($B$16:$B$35<>"")*(A56>=$A$16:$A$35)*(A56<=$B$16:$B$35)*--((($C$16:$C$35="All dates")+($C$16:$C$35=B56))>0)*($F$16:$F$35=FALSE)*($F$16:$F$35<>"")*--((($D$16:$D$35="Break")+($D$16:$D$35="Holiday"))>0),{1;2;4;8;16;32;64;128;256;512;1024;2048;4096;8192;16384;32768;65536;131072;262144;524288}),2))+16,0),baseStatus,IF(base=0,"",INDEX($F$16:$F$35,base-15)),singleRow,IFERROR(INT(LOG(SUMPRODUCT(($A$16:$A$35<>"")*($B$16:$B$35<>"")*(A56>=$A$16:$A$35)*(A56<=$B$16:$B$35)*--((($C$16:$C$35="All dates")+($C$16:$C$35=B56))>0)*($A$16:$A$35=$B$16:$B$35)*($F$16:$F$35=baseStatus),{1;2;4;8;16;32;64;128;256;512;1024;2048;4096;8192;16384;32768;65536;131072;262144;524288}),2))+16,0),IF(breakRow>0,breakRow,IF(singleRow>0,singleRow,base))) -> 0
A57: =A56+1 -> 46257 | B57: =TEXT(A57,"dddd") -> Sunday | C57: =IFERROR(INDEX($I$7:$I$13,MATCH(B57,$H$7:$H$13,0)),FALSE) -> FALSE | D57: =IF($Q57=0,"",INDEX($D$16:$D$35,$Q57-ROW($A$16)+1)) | E57: =IF($Q57=0,"",INDEX($E$16:$E$35,$Q57-ROW($A$16)+1)) | F57: =IF($Q57=0,"",INDEX($F$16:$F$35,$Q57-ROW($A$16)+1)) | G57: =IF($Q57=0,"",INDEX($G$16:$G$35,$Q57-ROW($A$16)+1)) | H57: =IF(F57="",C57,F57) -> FALSE | I57: =IF(H57,COUNTIF($H$44:H57,TRUE),"") | J57: =IFERROR(__xludf.DUMMYFUNCTION("IF(O57,LET(w,IFERROR(MATCH(N57,UNIQUE(FILTER($N$44:$N$408,$O$44:$O$408=TRUE)),0),""""),IF(OR(w="""",w>$B$6),"""",w)),"""")"),2.0) -> 2 | K57: =IF(J57="","","Term "&MIN($B$7,ROUNDUP(J57/$B$8,0))) -> Term 1 | L57: =IF(J57="","",MOD(J57-1,$B$8)+1) -> 2 | M57: =IF(J57="",FALSE,AND($B$9="Yes",MOD(J57,$B$8)=0)) -> FALSE | N57: =A57-WEEKDAY(A57,2)+1 -> 46251 | O57: =SUMPRODUCT(($N$44:$N$408=N57)*(WEEKDAY($A$44:$A$408,2)<=5)*--($H$44:$H$408=TRUE))>0 -> TRUE | Q57: =LET(base,IFERROR(INT(LOG(SUMPRODUCT(($A$16:$A$35<>"")*($B$16:$B$35<>"")*(A57>=$A$16:$A$35)*(A57<=$B$16:$B$35)*--((($C$16:$C$35="All dates")+($C$16:$C$35=B57))>0),{1;2;4;8;16;32;64;128;256;512;1024;2048;4096;8192;16384;32768;65536;131072;262144;524288}),2))+16,0),breakRow,IFERROR(INT(LOG(SUMPRODUCT(($A$16:$A$35<>"")*($B$16:$B$35<>"")*(A57>=$A$16:$A$35)*(A57<=$B$16:$B$35)*--((($C$16:$C$35="All dates")+($C$16:$C$35=B57))>0)*($F$16:$F$35=FALSE)*($F$16:$F$35<>"")*--((($D$16:$D$35="Break")+($D$16:$D$35="Holiday"))>0),{1;2;4;8;16;32;64;128;256;512;1024;2048;4096;8192;16384;32768;65536;131072;262144;524288}),2))+16,0),baseStatus,IF(base=0,"",INDEX($F$16:$F$35,base-15)),singleRow,IFERROR(INT(LOG(SUMPRODUCT(($A$16:$A$35<>"")*($B$16:$B$35<>"")*(A57>=$A$16:$A$35)*(A57<=$B$16:$B$35)*--((($C$16:$C$35="All dates")+($C$16:$C$35=B57))>0)*($A$16:$A$35=$B$16:$B$35)*($F$16:$F$35=baseStatus),{1;2;4;8;16;32;64;128;256;512;1024;2048;4096;8192;16384;32768;65536;131072;262144;524288}),2))+16,0),IF(breakRow>0,breakRow,IF(singleRow>0,singleRow,base))) -> 0
A58: =A57+1 -> 46258 | B58: =TEXT(A58,"dddd") -> Monday | C58: =IFERROR(INDEX($I$7:$I$13,MATCH(B58,$H$7:$H$13,0)),FALSE) -> TRUE | D58: =IF($Q58=0,"",INDEX($D$16:$D$35,$Q58-ROW($A$16)+1)) | E58: =IF($Q58=0,"",INDEX($E$16:$E$35,$Q58-ROW($A$16)+1)) | F58: =IF($Q58=0,"",INDEX($F$16:$F$35,$Q58-ROW($A$16)+1)) | G58: =IF($Q58=0,"",INDEX($G$16:$G$35,$Q58-ROW($A$16)+1)) | H58: =IF(F58="",C58,F58) -> TRUE | I58: =IF(H58,COUNTIF($H$44:H58,TRUE),"") -> 11 | J58: =IFERROR(__xludf.DUMMYFUNCTION("IF(O58,LET(w,IFERROR(MATCH(N58,UNIQUE(FILTER($N$44:$N$408,$O$44:$O$408=TRUE)),0),""""),IF(OR(w="""",w>$B$6),"""",w)),"""")"),3.0) -> 3 | K58: =IF(J58="","","Term "&MIN($B$7,ROUNDUP(J58/$B$8,0))) -> Term 1 | L58: =IF(J58="","",MOD(J58-1,$B$8)+1) -> 3 | M58: =IF(J58="",FALSE,AND($B$9="Yes",MOD(J58,$B$8)=0)) -> FALSE | N58: =A58-WEEKDAY(A58,2)+1 -> 46258 | O58: =SUMPRODUCT(($N$44:$N$408=N58)*(WEEKDAY($A$44:$A$408,2)<=5)*--($H$44:$H$408=TRUE))>0 -> TRUE | Q58: =LET(base,IFERROR(INT(LOG(SUMPRODUCT(($A$16:$A$35<>"")*($B$16:$B$35<>"")*(A58>=$A$16:$A$35)*(A58<=$B$16:$B$35)*--((($C$16:$C$35="All dates")+($C$16:$C$35=B58))>0),{1;2;4;8;16;32;64;128;256;512;1024;2048;4096;8192;16384;32768;65536;131072;262144;524288}),2))+16,0),breakRow,IFERROR(INT(LOG(SUMPRODUCT(($A$16:$A$35<>"")*($B$16:$B$35<>"")*(A58>=$A$16:$A$35)*(A58<=$B$16:$B$35)*--((($C$16:$C$35="All dates")+($C$16:$C$35=B58))>0)*($F$16:$F$35=FALSE)*($F$16:$F$35<>"")*--((($D$16:$D$35="Break")+($D$16:$D$35="Holiday"))>0),{1;2;4;8;16;32;64;128;256;512;1024;2048;4096;8192;16384;32768;65536;131072;262144;524288}),2))+16,0),baseStatus,IF(base=0,"",INDEX($F$16:$F$35,base-15)),singleRow,IFERROR(INT(LOG(SUMPRODUCT(($A$16:$A$35<>"")*($B$16:$B$35<>"")*(A58>=$A$16:$A$35)*(A58<=$B$16:$B$35)*--((($C$16:$C$35="All dates")+($C$16:$C$35=B58))>0)*($A$16:$A$35=$B$16:$B$35)*($F$16:$F$35=baseStatus),{1;2;4;8;16;32;64;128;256;512;1024;2048;4096;8192;16384;32768;65536;131072;262144;524288}),2))+16,0),IF(breakRow>0,breakRow,IF(singleRow>0,singleRow,base))) -> 0
A59: =A58+1 -> 46259 | B59: =TEXT(A59,"dddd") -> Tuesday | C59: =IFERROR(INDEX($I$7:$I$13,MATCH(B59,$H$7:$H$13,0)),FALSE) -> TRUE | D59: =IF($Q59=0,"",INDEX($D$16:$D$35,$Q59-ROW($A$16)+1)) | E59: =IF($Q59=0,"",INDEX($E$16:$E$35,$Q59-ROW($A$16)+1)) | F59: =IF($Q59=0,"",INDEX($F$16:$F$35,$Q59-ROW($A$16)+1)) | G59: =IF($Q59=0,"",INDEX($G$16:$G$35,$Q59-ROW($A$16)+1)) | H59: =IF(F59="",C59,F59) -> TRUE | I59: =IF(H59,COUNTIF($H$44:H59,TRUE),"") -> 12 | J59: =IFERROR(__xludf.DUMMYFUNCTION("IF(O59,LET(w,IFERROR(MATCH(N59,UNIQUE(FILTER($N$44:$N$408,$O$44:$O$408=TRUE)),0),""""),IF(OR(w="""",w>$B$6),"""",w)),"""")"),3.0) -> 3 | K59: =IF(J59="","","Term "&MIN($B$7,ROUNDUP(J59/$B$8,0))) -> Term 1 | L59: =IF(J59="","",MOD(J59-1,$B$8)+1) -> 3 | M59: =IF(J59="",FALSE,AND($B$9="Yes",MOD(J59,$B$8)=0)) -> FALSE | N59: =A59-WEEKDAY(A59,2)+1 -> 46258 | O59: =SUMPRODUCT(($N$44:$N$408=N59)*(WEEKDAY($A$44:$A$408,2)<=5)*--($H$44:$H$408=TRUE))>0 -> TRUE | Q59: =LET(base,IFERROR(INT(LOG(SUMPRODUCT(($A$16:$A$35<>"")*($B$16:$B$35<>"")*(A59>=$A$16:$A$35)*(A59<=$B$16:$B$35)*--((($C$16:$C$35="All dates")+($C$16:$C$35=B59))>0),{1;2;4;8;16;32;64;128;256;512;1024;2048;4096;8192;16384;32768;65536;131072;262144;524288}),2))+16,0),breakRow,IFERROR(INT(LOG(SUMPRODUCT(($A$16:$A$35<>"")*($B$16:$B$35<>"")*(A59>=$A$16:$A$35)*(A59<=$B$16:$B$35)*--((($C$16:$C$35="All dates")+($C$16:$C$35=B59))>0)*($F$16:$F$35=FALSE)*($F$16:$F$35<>"")*--((($D$16:$D$35="Break")+($D$16:$D$35="Holiday"))>0),{1;2;4;8;16;32;64;128;256;512;1024;2048;4096;8192;16384;32768;65536;131072;262144;524288}),2))+16,0),baseStatus,IF(base=0,"",INDEX($F$16:$F$35,base-15)),singleRow,IFERROR(INT(LOG(SUMPRODUCT(($A$16:$A$35<>"")*($B$16:$B$35<>"")*(A59>=$A$16:$A$35)*(A59<=$B$16:$B$35)*--((($C$16:$C$35="All dates")+($C$16:$C$35=B59))>0)*($A$16:$A$35=$B$16:$B$35)*($F$16:$F$35=baseStatus),{1;2;4;8;16;32;64;128;256;512;1024;2048;4096;8192;16384;32768;65536;131072;262144;524288}),2))+16,0),IF(breakRow>0,breakRow,IF(singleRow>0,singleRow,base))) -> 0
A60: =A59+1 -> 46260 | B60: =TEXT(A60,"dddd") -> Wednesday | C60: =IFERROR(INDEX($I$7:$I$13,MATCH(B60,$H$7:$H$13,0)),FALSE) -> TRUE | D60: =IF($Q60=0,"",INDEX($D$16:$D$35,$Q60-ROW($A$16)+1)) | E60: =IF($Q60=0,"",INDEX($E$16:$E$35,$Q60-ROW($A$16)+1)) | F60: =IF($Q60=0,"",INDEX($F$16:$F$35,$Q60-ROW($A$16)+1)) | G60: =IF($Q60=0,"",INDEX($G$16:$G$35,$Q60-ROW($A$16)+1)) | H60: =IF(F60="",C60,F60) -> TRUE | I60: =IF(H60,COUNTIF($H$44:H60,TRUE),"") -> 13 | J60: =IFERROR(__xludf.DUMMYFUNCTION("IF(O60,LET(w,IFERROR(MATCH(N60,UNIQUE(FILTER($N$44:$N$408,$O$44:$O$408=TRUE)),0),""""),IF(OR(w="""",w>$B$6),"""",w)),"""")"),3.0) -> 3 | K60: =IF(J60="","","Term "&MIN($B$7,ROUNDUP(J60/$B$8,0))) -> Term 1 | L60: =IF(J60="","",MOD(J60-1,$B$8)+1) -> 3 | M60: =IF(J60="",FALSE,AND($B$9="Yes",MOD(J60,$B$8)=0)) -> FALSE | N60: =A60-WEEKDAY(A60,2)+1 -> 46258 | O60: =SUMPRODUCT(($N$44:$N$408=N60)*(WEEKDAY($A$44:$A$408,2)<=5)*--($H$44:$H$408=TRUE))>0 -> TRUE | Q60: =LET(base,IFERROR(INT(LOG(SUMPRODUCT(($A$16:$A$35<>"")*($B$16:$B$35<>"")*(A60>=$A$16:$A$35)*(A60<=$B$16:$B$35)*--((($C$16:$C$35="All dates")+($C$16:$C$35=B60))>0),{1;2;4;8;16;32;64;128;256;512;1024;2048;4096;8192;16384;32768;65536;131072;262144;524288}),2))+16,0),breakRow,IFERROR(INT(LOG(SUMPRODUCT(($A$16:$A$35<>"")*($B$16:$B$35<>"")*(A60>=$A$16:$A$35)*(A60<=$B$16:$B$35)*--((($C$16:$C$35="All dates")+($C$16:$C$35=B60))>0)*($F$16:$F$35=FALSE)*($F$16:$F$35<>"")*--((($D$16:$D$35="Break")+($D$16:$D$35="Holiday"))>0),{1;2;4;8;16;32;64;128;256;512;1024;2048;4096;8192;16384;32768;65536;131072;262144;524288}),2))+16,0),baseStatus,IF(base=0,"",INDEX($F$16:$F$35,base-15)),singleRow,IFERROR(INT(LOG(SUMPRODUCT(($A$16:$A$35<>"")*($B$16:$B$35<>"")*(A60>=$A$16:$A$35)*(A60<=$B$16:$B$35)*--((($C$16:$C$35="All dates")+($C$16:$C$35=B60))>0)*($A$16:$A$35=$B$16:$B$35)*($F$16:$F$35=baseStatus),{1;2;4;8;16;32;64;128;256;512;1024;2048;4096;8192;16384;32768;65536;131072;262144;524288}),2))+16,0),IF(breakRow>0,breakRow,IF(singleRow>0,singleRow,base))) -> 0
A61: =A60+1 -> 46261 | B61: =TEXT(A61,"dddd") -> Thursday | C61: =IFERROR(INDEX($I$7:$I$13,MATCH(B61,$H$7:$H$13,0)),FALSE) -> TRUE | D61: =IF($Q61=0,"",INDEX($D$16:$D$35,$Q61-ROW($A$16)+1)) | E61: =IF($Q61=0,"",INDEX($E$16:$E$35,$Q61-ROW($A$16)+1)) | F61: =IF($Q61=0,"",INDEX($F$16:$F$35,$Q61-ROW($A$16)+1)) | G61: =IF($Q61=0,"",INDEX($G$16:$G$35,$Q61-ROW($A$16)+1)) | H61: =IF(F61="",C61,F61) -> TRUE | I61: =IF(H61,COUNTIF($H$44:H61,TRUE),"") -> 14 | J61: =IFERROR(__xludf.DUMMYFUNCTION("IF(O61,LET(w,IFERROR(MATCH(N61,UNIQUE(FILTER($N$44:$N$408,$O$44:$O$408=TRUE)),0),""""),IF(OR(w="""",w>$B$6),"""",w)),"""")"),3.0) -> 3 | K61: =IF(J61="","","Term "&MIN($B$7,ROUNDUP(J61/$B$8,0))) -> Term 1 | L61: =IF(J61="","",MOD(J61-1,$B$8)+1) -> 3 | M61: =IF(J61="",FALSE,AND($B$9="Yes",MOD(J61,$B$8)=0)) -> FALSE | N61: =A61-WEEKDAY(A61,2)+1 -> 46258 | O61: =SUMPRODUCT(($N$44:$N$408=N61)*(WEEKDAY($A$44:$A$408,2)<=5)*--($H$44:$H$408=TRUE))>0 -> TRUE | Q61: =LET(base,IFERROR(INT(LOG(SUMPRODUCT(($A$16:$A$35<>"")*($B$16:$B$35<>"")*(A61>=$A$16:$A$35)*(A61<=$B$16:$B$35)*--((($C$16:$C$35="All dates")+($C$16:$C$35=B61))>0),{1;2;4;8;16;32;64;128;256;512;1024;2048;4096;8192;16384;32768;65536;131072;262144;524288}),2))+16,0),breakRow,IFERROR(INT(LOG(SUMPRODUCT(($A$16:$A$35<>"")*($B$16:$B$35<>"")*(A61>=$A$16:$A$35)*(A61<=$B$16:$B$35)*--((($C$16:$C$35="All dates")+($C$16:$C$35=B61))>0)*($F$16:$F$35=FALSE)*($F$16:$F$35<>"")*--((($D$16:$D$35="Break")+($D$16:$D$35="Holiday"))>0),{1;2;4;8;16;32;64;128;256;512;1024;2048;4096;8192;16384;32768;65536;131072;262144;524288}),2))+16,0),baseStatus,IF(base=0,"",INDEX($F$16:$F$35,base-15)),singleRow,IFERROR(INT(LOG(SUMPRODUCT(($A$16:$A$35<>"")*($B$16:$B$35<>"")*(A61>=$A$16:$A$35)*(A61<=$B$16:$B$35)*--((($C$16:$C$35="All dates")+($C$16:$C$35=B61))>0)*($A$16:$A$35=$B$16:$B$35)*($F$16:$F$35=baseStatus),{1;2;4;8;16;32;64;128;256;512;1024;2048;4096;8192;16384;32768;65536;131072;262144;524288}),2))+16,0),IF(breakRow>0,breakRow,IF(singleRow>0,singleRow,base))) -> 0
A62: =A61+1 -> 46262 | B62: =TEXT(A62,"dddd") -> Friday | C62: =IFERROR(INDEX($I$7:$I$13,MATCH(B62,$H$7:$H$13,0)),FALSE) -> TRUE | D62: =IF($Q62=0,"",INDEX($D$16:$D$35,$Q62-ROW($A$16)+1)) | E62: =IF($Q62=0,"",INDEX($E$16:$E$35,$Q62-ROW($A$16)+1)) | F62: =IF($Q62=0,"",INDEX($F$16:$F$35,$Q62-ROW($A$16)+1)) | G62: =IF($Q62=0,"",INDEX($G$16:$G$35,$Q62-ROW($A$16)+1)) | H62: =IF(F62="",C62,F62) -> TRUE | I62: =IF(H62,COUNTIF($H$44:H62,TRUE),"") -> 15 | J62: =IFERROR(__xludf.DUMMYFUNCTION("IF(O62,LET(w,IFERROR(MATCH(N62,UNIQUE(FILTER($N$44:$N$408,$O$44:$O$408=TRUE)),0),""""),IF(OR(w="""",w>$B$6),"""",w)),"""")"),3.0) -> 3 | K62: =IF(J62="","","Term "&MIN($B$7,ROUNDUP(J62/$B$8,0))) -> Term 1 | L62: =IF(J62="","",MOD(J62-1,$B$8)+1) -> 3 | M62: =IF(J62="",FALSE,AND($B$9="Yes",MOD(J62,$B$8)=0)) -> FALSE | N62: =A62-WEEKDAY(A62,2)+1 -> 46258 | O62: =SUMPRODUCT(($N$44:$N$408=N62)*(WEEKDAY($A$44:$A$408,2)<=5)*--($H$44:$H$408=TRUE))>0 -> TRUE | Q62: =LET(base,IFERROR(INT(LOG(SUMPRODUCT(($A$16:$A$35<>"")*($B$16:$B$35<>"")*(A62>=$A$16:$A$35)*(A62<=$B$16:$B$35)*--((($C$16:$C$35="All dates")+($C$16:$C$35=B62))>0),{1;2;4;8;16;32;64;128;256;512;1024;2048;4096;8192;16384;32768;65536;131072;262144;524288}),2))+16,0),breakRow,IFERROR(INT(LOG(SUMPRODUCT(($A$16:$A$35<>"")*($B$16:$B$35<>"")*(A62>=$A$16:$A$35)*(A62<=$B$16:$B$35)*--((($C$16:$C$35="All dates")+($C$16:$C$35=B62))>0)*($F$16:$F$35=FALSE)*($F$16:$F$35<>"")*--((($D$16:$D$35="Break")+($D$16:$D$35="Holiday"))>0),{1;2;4;8;16;32;64;128;256;512;1024;2048;4096;8192;16384;32768;65536;131072;262144;524288}),2))+16,0),baseStatus,IF(base=0,"",INDEX($F$16:$F$35,base-15)),singleRow,IFERROR(INT(LOG(SUMPRODUCT(($A$16:$A$35<>"")*($B$16:$B$35<>"")*(A62>=$A$16:$A$35)*(A62<=$B$16:$B$35)*--((($C$16:$C$35="All dates")+($C$16:$C$35=B62))>0)*($A$16:$A$35=$B$16:$B$35)*($F$16:$F$35=baseStatus),{1;2;4;8;16;32;64;128;256;512;1024;2048;4096;8192;16384;32768;65536;131072;262144;524288}),2))+16,0),IF(breakRow>0,breakRow,IF(singleRow>0,singleRow,base))) -> 0
A63: =A62+1 -> 46263 | B63: =TEXT(A63,"dddd") -> Saturday | C63: =IFERROR(INDEX($I$7:$I$13,MATCH(B63,$H$7:$H$13,0)),FALSE) -> FALSE | D63: =IF($Q63=0,"",INDEX($D$16:$D$35,$Q63-ROW($A$16)+1)) | E63: =IF($Q63=0,"",INDEX($E$16:$E$35,$Q63-ROW($A$16)+1)) | F63: =IF($Q63=0,"",INDEX($F$16:$F$35,$Q63-ROW($A$16)+1)) | G63: =IF($Q63=0,"",INDEX($G$16:$G$35,$Q63-ROW($A$16)+1)) | H63: =IF(F63="",C63,F63) -> FALSE | I63: =IF(H63,COUNTIF($H$44:H63,TRUE),"") | J63: =IFERROR(__xludf.DUMMYFUNCTION("IF(O63,LET(w,IFERROR(MATCH(N63,UNIQUE(FILTER($N$44:$N$408,$O$44:$O$408=TRUE)),0),""""),IF(OR(w="""",w>$B$6),"""",w)),"""")"),3.0) -> 3 | K63: =IF(J63="","","Term "&MIN($B$7,ROUNDUP(J63/$B$8,0))) -> Term 1 | L63: =IF(J63="","",MOD(J63-1,$B$8)+1) -> 3 | M63: =IF(J63="",FALSE,AND($B$9="Yes",MOD(J63,$B$8)=0)) -> FALSE | N63: =A63-WEEKDAY(A63,2)+1 -> 46258 | O63: =SUMPRODUCT(($N$44:$N$408=N63)*(WEEKDAY($A$44:$A$408,2)<=5)*--($H$44:$H$408=TRUE))>0 -> TRUE | Q63: =LET(base,IFERROR(INT(LOG(SUMPRODUCT(($A$16:$A$35<>"")*($B$16:$B$35<>"")*(A63>=$A$16:$A$35)*(A63<=$B$16:$B$35)*--((($C$16:$C$35="All dates")+($C$16:$C$35=B63))>0),{1;2;4;8;16;32;64;128;256;512;1024;2048;4096;8192;16384;32768;65536;131072;262144;524288}),2))+16,0),breakRow,IFERROR(INT(LOG(SUMPRODUCT(($A$16:$A$35<>"")*($B$16:$B$35<>"")*(A63>=$A$16:$A$35)*(A63<=$B$16:$B$35)*--((($C$16:$C$35="All dates")+($C$16:$C$35=B63))>0)*($F$16:$F$35=FALSE)*($F$16:$F$35<>"")*--((($D$16:$D$35="Break")+($D$16:$D$35="Holiday"))>0),{1;2;4;8;16;32;64;128;256;512;1024;2048;4096;8192;16384;32768;65536;131072;262144;524288}),2))+16,0),baseStatus,IF(base=0,"",INDEX($F$16:$F$35,base-15)),singleRow,IFERROR(INT(LOG(SUMPRODUCT(($A$16:$A$35<>"")*($B$16:$B$35<>"")*(A63>=$A$16:$A$35)*(A63<=$B$16:$B$35)*--((($C$16:$C$35="All dates")+($C$16:$C$35=B63))>0)*($A$16:$A$35=$B$16:$B$35)*($F$16:$F$35=baseStatus),{1;2;4;8;16;32;64;128;256;512;1024;2048;4096;8192;16384;32768;65536;131072;262144;524288}),2))+16,0),IF(breakRow>0,breakRow,IF(singleRow>0,singleRow,base))) -> 0
A64: =A63+1 -> 46264 | B64: =TEXT(A64,"dddd") -> Sunday | C64: =IFERROR(INDEX($I$7:$I$13,MATCH(B64,$H$7:$H$13,0)),FALSE) -> FALSE | D64: =IF($Q64=0,"",INDEX($D$16:$D$35,$Q64-ROW($A$16)+1)) | E64: =IF($Q64=0,"",INDEX($E$16:$E$35,$Q64-ROW($A$16)+1)) | F64: =IF($Q64=0,"",INDEX($F$16:$F$35,$Q64-ROW($A$16)+1)) | G64: =IF($Q64=0,"",INDEX($G$16:$G$35,$Q64-ROW($A$16)+1)) | H64: =IF(F64="",C64,F64) -> FALSE | I64: =IF(H64,COUNTIF($H$44:H64,TRUE),"") | J64: =IFERROR(__xludf.DUMMYFUNCTION("IF(O64,LET(w,IFERROR(MATCH(N64,UNIQUE(FILTER($N$44:$N$408,$O$44:$O$408=TRUE)),0),""""),IF(OR(w="""",w>$B$6),"""",w)),"""")"),3.0) -> 3 | K64: =IF(J64="","","Term "&MIN($B$7,ROUNDUP(J64/$B$8,0))) -> Term 1 | L64: =IF(J64="","",MOD(J64-1,$B$8)+1) -> 3 | M64: =IF(J64="",FALSE,AND($B$9="Yes",MOD(J64,$B$8)=0)) -> FALSE | N64: =A64-WEEKDAY(A64,2)+1 -> 46258 | O64: =SUMPRODUCT(($N$44:$N$408=N64)*(WEEKDAY($A$44:$A$408,2)<=5)*--($H$44:$H$408=TRUE))>0 -> TRUE | Q64: =LET(base,IFERROR(INT(LOG(SUMPRODUCT(($A$16:$A$35<>"")*($B$16:$B$35<>"")*(A64>=$A$16:$A$35)*(A64<=$B$16:$B$35)*--((($C$16:$C$35="All dates")+($C$16:$C$35=B64))>0),{1;2;4;8;16;32;64;128;256;512;1024;2048;4096;8192;16384;32768;65536;131072;262144;524288}),2))+16,0),breakRow,IFERROR(INT(LOG(SUMPRODUCT(($A$16:$A$35<>"")*($B$16:$B$35<>"")*(A64>=$A$16:$A$35)*(A64<=$B$16:$B$35)*--((($C$16:$C$35="All dates")+($C$16:$C$35=B64))>0)*($F$16:$F$35=FALSE)*($F$16:$F$35<>"")*--((($D$16:$D$35="Break")+($D$16:$D$35="Holiday"))>0),{1;2;4;8;16;32;64;128;256;512;1024;2048;4096;8192;16384;32768;65536;131072;262144;524288}),2))+16,0),baseStatus,IF(base=0,"",INDEX($F$16:$F$35,base-15)),singleRow,IFERROR(INT(LOG(SUMPRODUCT(($A$16:$A$35<>"")*($B$16:$B$35<>"")*(A64>=$A$16:$A$35)*(A64<=$B$16:$B$35)*--((($C$16:$C$35="All dates")+($C$16:$C$35=B64))>0)*($A$16:$A$35=$B$16:$B$35)*($F$16:$F$35=baseStatus),{1;2;4;8;16;32;64;128;256;512;1024;2048;4096;8192;16384;32768;65536;131072;262144;524288}),2))+16,0),IF(breakRow>0,breakRow,IF(singleRow>0,singleRow,base))) -> 0
A65: =A64+1 -> 46265 | B65: =TEXT(A65,"dddd") -> Monday | C65: =IFERROR(INDEX($I$7:$I$13,MATCH(B65,$H$7:$H$13,0)),FALSE) -> TRUE | D65: =IF($Q65=0,"",INDEX($D$16:$D$35,$Q65-ROW($A$16)+1)) | E65: =IF($Q65=0,"",INDEX($E$16:$E$35,$Q65-ROW($A$16)+1)) | F65: =IF($Q65=0,"",INDEX($F$16:$F$35,$Q65-ROW($A$16)+1)) | G65: =IF($Q65=0,"",INDEX($G$16:$G$35,$Q65-ROW($A$16)+1)) | H65: =IF(F65="",C65,F65) -> TRUE | I65: =IF(H65,COUNTIF($H$44:H65,TRUE),"") -> 16 | J65: =IFERROR(__xludf.DUMMYFUNCTION("IF(O65,LET(w,IFERROR(MATCH(N65,UNIQUE(FILTER($N$44:$N$408,$O$44:$O$408=TRUE)),0),""""),IF(OR(w="""",w>$B$6),"""",w)),"""")"),4.0) -> 4 | K65: =IF(J65="","","Term "&MIN($B$7,ROUNDUP(J65/$B$8,0))) -> Term 1 | L65: =IF(J65="","",MOD(J65-1,$B$8)+1) -> 4 | M65: =IF(J65="",FALSE,AND($B$9="Yes",MOD(J65,$B$8)=0)) -> FALSE | N65: =A65-WEEKDAY(A65,2)+1 -> 46265 | O65: =SUMPRODUCT(($N$44:$N$408=N65)*(WEEKDAY($A$44:$A$408,2)<=5)*--($H$44:$H$408=TRUE))>0 -> TRUE | Q65: =LET(base,IFERROR(INT(LOG(SUMPRODUCT(($A$16:$A$35<>"")*($B$16:$B$35<>"")*(A65>=$A$16:$A$35)*(A65<=$B$16:$B$35)*--((($C$16:$C$35="All dates")+($C$16:$C$35=B65))>0),{1;2;4;8;16;32;64;128;256;512;1024;2048;4096;8192;16384;32768;65536;131072;262144;524288}),2))+16,0),breakRow,IFERROR(INT(LOG(SUMPRODUCT(($A$16:$A$35<>"")*($B$16:$B$35<>"")*(A65>=$A$16:$A$35)*(A65<=$B$16:$B$35)*--((($C$16:$C$35="All dates")+($C$16:$C$35=B65))>0)*($F$16:$F$35=FALSE)*($F$16:$F$35<>"")*--((($D$16:$D$35="Break")+($D$16:$D$35="Holiday"))>0),{1;2;4;8;16;32;64;128;256;512;1024;2048;4096;8192;16384;32768;65536;131072;262144;524288}),2))+16,0),baseStatus,IF(base=0,"",INDEX($F$16:$F$35,base-15)),singleRow,IFERROR(INT(LOG(SUMPRODUCT(($A$16:$A$35<>"")*($B$16:$B$35<>"")*(A65>=$A$16:$A$35)*(A65<=$B$16:$B$35)*--((($C$16:$C$35="All dates")+($C$16:$C$35=B65))>0)*($A$16:$A$35=$B$16:$B$35)*($F$16:$F$35=baseStatus),{1;2;4;8;16;32;64;128;256;512;1024;2048;4096;8192;16384;32768;65536;131072;262144;524288}),2))+16,0),IF(breakRow>0,breakRow,IF(singleRow>0,singleRow,base))) -> 0
A66: =A65+1 -> 46266 | B66: =TEXT(A66,"dddd") -> Tuesday | C66: =IFERROR(INDEX($I$7:$I$13,MATCH(B66,$H$7:$H$13,0)),FALSE) -> TRUE | D66: =IF($Q66=0,"",INDEX($D$16:$D$35,$Q66-ROW($A$16)+1)) | E66: =IF($Q66=0,"",INDEX($E$16:$E$35,$Q66-ROW($A$16)+1)) | F66: =IF($Q66=0,"",INDEX($F$16:$F$35,$Q66-ROW($A$16)+1)) | G66: =IF($Q66=0,"",INDEX($G$16:$G$35,$Q66-ROW($A$16)+1)) | H66: =IF(F66="",C66,F66) -> TRUE | I66: =IF(H66,COUNTIF($H$44:H66,TRUE),"") -> 17 | J66: =IFERROR(__xludf.DUMMYFUNCTION("IF(O66,LET(w,IFERROR(MATCH(N66,UNIQUE(FILTER($N$44:$N$408,$O$44:$O$408=TRUE)),0),""""),IF(OR(w="""",w>$B$6),"""",w)),"""")"),4.0) -> 4 | K66: =IF(J66="","","Term "&MIN($B$7,ROUNDUP(J66/$B$8,0))) -> Term 1 | L66: =IF(J66="","",MOD(J66-1,$B$8)+1) -> 4 | M66: =IF(J66="",FALSE,AND($B$9="Yes",MOD(J66,$B$8)=0)) -> FALSE | N66: =A66-WEEKDAY(A66,2)+1 -> 46265 | O66: =SUMPRODUCT(($N$44:$N$408=N66)*(WEEKDAY($A$44:$A$408,2)<=5)*--($H$44:$H$408=TRUE))>0 -> TRUE | Q66: =LET(base,IFERROR(INT(LOG(SUMPRODUCT(($A$16:$A$35<>"")*($B$16:$B$35<>"")*(A66>=$A$16:$A$35)*(A66<=$B$16:$B$35)*--((($C$16:$C$35="All dates")+($C$16:$C$35=B66))>0),{1;2;4;8;16;32;64;128;256;512;1024;2048;4096;8192;16384;32768;65536;131072;262144;524288}),2))+16,0),breakRow,IFERROR(INT(LOG(SUMPRODUCT(($A$16:$A$35<>"")*($B$16:$B$35<>"")*(A66>=$A$16:$A$35)*(A66<=$B$16:$B$35)*--((($C$16:$C$35="All dates")+($C$16:$C$35=B66))>0)*($F$16:$F$35=FALSE)*($F$16:$F$35<>"")*--((($D$16:$D$35="Break")+($D$16:$D$35="Holiday"))>0),{1;2;4;8;16;32;64;128;256;512;1024;2048;4096;8192;16384;32768;65536;131072;262144;524288}),2))+16,0),baseStatus,IF(base=0,"",INDEX($F$16:$F$35,base-15)),singleRow,IFERROR(INT(LOG(SUMPRODUCT(($A$16:$A$35<>"")*($B$16:$B$35<>"")*(A66>=$A$16:$A$35)*(A66<=$B$16:$B$35)*--((($C$16:$C$35="All dates")+($C$16:$C$35=B66))>0)*($A$16:$A$35=$B$16:$B$35)*($F$16:$F$35=baseStatus),{1;2;4;8;16;32;64;128;256;512;1024;2048;4096;8192;16384;32768;65536;131072;262144;524288}),2))+16,0),IF(breakRow>0,breakRow,IF(singleRow>0,singleRow,base))) -> 0
A67: =A66+1 -> 46267 | B67: =TEXT(A67,"dddd") -> Wednesday | C67: =IFERROR(INDEX($I$7:$I$13,MATCH(B67,$H$7:$H$13,0)),FALSE) -> TRUE | D67: =IF($Q67=0,"",INDEX($D$16:$D$35,$Q67-ROW($A$16)+1)) | E67: =IF($Q67=0,"",INDEX($E$16:$E$35,$Q67-ROW($A$16)+1)) | F67: =IF($Q67=0,"",INDEX($F$16:$F$35,$Q67-ROW($A$16)+1)) | G67: =IF($Q67=0,"",INDEX($G$16:$G$35,$Q67-ROW($A$16)+1)) | H67: =IF(F67="",C67,F67) -> TRUE | I67: =IF(H67,COUNTIF($H$44:H67,TRUE),"") -> 18 | J67: =IFERROR(__xludf.DUMMYFUNCTION("IF(O67,LET(w,IFERROR(MATCH(N67,UNIQUE(FILTER($N$44:$N$408,$O$44:$O$408=TRUE)),0),""""),IF(OR(w="""",w>$B$6),"""",w)),"""")"),4.0) -> 4 | K67: =IF(J67="","","Term "&MIN($B$7,ROUNDUP(J67/$B$8,0))) -> Term 1 | L67: =IF(J67="","",MOD(J67-1,$B$8)+1) -> 4 | M67: =IF(J67="",FALSE,AND($B$9="Yes",MOD(J67,$B$8)=0)) -> FALSE | N67: =A67-WEEKDAY(A67,2)+1 -> 46265 | O67: =SUMPRODUCT(($N$44:$N$408=N67)*(WEEKDAY($A$44:$A$408,2)<=5)*--($H$44:$H$408=TRUE))>0 -> TRUE | Q67: =LET(base,IFERROR(INT(LOG(SUMPRODUCT(($A$16:$A$35<>"")*($B$16:$B$35<>"")*(A67>=$A$16:$A$35)*(A67<=$B$16:$B$35)*--((($C$16:$C$35="All dates")+($C$16:$C$35=B67))>0),{1;2;4;8;16;32;64;128;256;512;1024;2048;4096;8192;16384;32768;65536;131072;262144;524288}),2))+16,0),breakRow,IFERROR(INT(LOG(SUMPRODUCT(($A$16:$A$35<>"")*($B$16:$B$35<>"")*(A67>=$A$16:$A$35)*(A67<=$B$16:$B$35)*--((($C$16:$C$35="All dates")+($C$16:$C$35=B67))>0)*($F$16:$F$35=FALSE)*($F$16:$F$35<>"")*--((($D$16:$D$35="Break")+($D$16:$D$35="Holiday"))>0),{1;2;4;8;16;32;64;128;256;512;1024;2048;4096;8192;16384;32768;65536;131072;262144;524288}),2))+16,0),baseStatus,IF(base=0,"",INDEX($F$16:$F$35,base-15)),singleRow,IFERROR(INT(LOG(SUMPRODUCT(($A$16:$A$35<>"")*($B$16:$B$35<>"")*(A67>=$A$16:$A$35)*(A67<=$B$16:$B$35)*--((($C$16:$C$35="All dates")+($C$16:$C$35=B67))>0)*($A$16:$A$35=$B$16:$B$35)*($F$16:$F$35=baseStatus),{1;2;4;8;16;32;64;128;256;512;1024;2048;4096;8192;16384;32768;65536;131072;262144;524288}),2))+16,0),IF(breakRow>0,breakRow,IF(singleRow>0,singleRow,base))) -> 0
A68: =A67+1 -> 46268 | B68: =TEXT(A68,"dddd") -> Thursday | C68: =IFERROR(INDEX($I$7:$I$13,MATCH(B68,$H$7:$H$13,0)),FALSE) -> TRUE | D68: =IF($Q68=0,"",INDEX($D$16:$D$35,$Q68-ROW($A$16)+1)) | E68: =IF($Q68=0,"",INDEX($E$16:$E$35,$Q68-ROW($A$16)+1)) | F68: =IF($Q68=0,"",INDEX($F$16:$F$35,$Q68-ROW($A$16)+1)) | G68: =IF($Q68=0,"",INDEX($G$16:$G$35,$Q68-ROW($A$16)+1)) | H68: =IF(F68="",C68,F68) -> TRUE | I68: =IF(H68,COUNTIF($H$44:H68,TRUE),"") -> 19 | J68: =IFERROR(__xludf.DUMMYFUNCTION("IF(O68,LET(w,IFERROR(MATCH(N68,UNIQUE(FILTER($N$44:$N$408,$O$44:$O$408=TRUE)),0),""""),IF(OR(w="""",w>$B$6),"""",w)),"""")"),4.0) -> 4 | K68: =IF(J68="","","Term "&MIN($B$7,ROUNDUP(J68/$B$8,0))) -> Term 1 | L68: =IF(J68="","",MOD(J68-1,$B$8)+1) -> 4 | M68: =IF(J68="",FALSE,AND($B$9="Yes",MOD(J68,$B$8)=0)) -> FALSE | N68: =A68-WEEKDAY(A68,2)+1 -> 46265 | O68: =SUMPRODUCT(($N$44:$N$408=N68)*(WEEKDAY($A$44:$A$408,2)<=5)*--($H$44:$H$408=TRUE))>0 -> TRUE | Q68: =LET(base,IFERROR(INT(LOG(SUMPRODUCT(($A$16:$A$35<>"")*($B$16:$B$35<>"")*(A68>=$A$16:$A$35)*(A68<=$B$16:$B$35)*--((($C$16:$C$35="All dates")+($C$16:$C$35=B68))>0),{1;2;4;8;16;32;64;128;256;512;1024;2048;4096;8192;16384;32768;65536;131072;262144;524288}),2))+16,0),breakRow,IFERROR(INT(LOG(SUMPRODUCT(($A$16:$A$35<>"")*($B$16:$B$35<>"")*(A68>=$A$16:$A$35)*(A68<=$B$16:$B$35)*--((($C$16:$C$35="All dates")+($C$16:$C$35=B68))>0)*($F$16:$F$35=FALSE)*($F$16:$F$35<>"")*--((($D$16:$D$35="Break")+($D$16:$D$35="Holiday"))>0),{1;2;4;8;16;32;64;128;256;512;1024;2048;4096;8192;16384;32768;65536;131072;262144;524288}),2))+16,0),baseStatus,IF(base=0,"",INDEX($F$16:$F$35,base-15)),singleRow,IFERROR(INT(LOG(SUMPRODUCT(($A$16:$A$35<>"")*($B$16:$B$35<>"")*(A68>=$A$16:$A$35)*(A68<=$B$16:$B$35)*--((($C$16:$C$35="All dates")+($C$16:$C$35=B68))>0)*($A$16:$A$35=$B$16:$B$35)*($F$16:$F$35=baseStatus),{1;2;4;8;16;32;64;128;256;512;1024;2048;4096;8192;16384;32768;65536;131072;262144;524288}),2))+16,0),IF(breakRow>0,breakRow,IF(singleRow>0,singleRow,base))) -> 0
A69: =A68+1 -> 46269 | B69: =TEXT(A69,"dddd") -> Friday | C69: =IFERROR(INDEX($I$7:$I$13,MATCH(B69,$H$7:$H$13,0)),FALSE) -> TRUE | D69: =IF($Q69=0,"",INDEX($D$16:$D$35,$Q69-ROW($A$16)+1)) | E69: =IF($Q69=0,"",INDEX($E$16:$E$35,$Q69-ROW($A$16)+1)) | F69: =IF($Q69=0,"",INDEX($F$16:$F$35,$Q69-ROW($A$16)+1)) | G69: =IF($Q69=0,"",INDEX($G$16:$G$35,$Q69-ROW($A$16)+1)) | H69: =IF(F69="",C69,F69) -> TRUE | I69: =IF(H69,COUNTIF($H$44:H69,TRUE),"") -> 20 | J69: =IFERROR(__xludf.DUMMYFUNCTION("IF(O69,LET(w,IFERROR(MATCH(N69,UNIQUE(FILTER($N$44:$N$408,$O$44:$O$408=TRUE)),0),""""),IF(OR(w="""",w>$B$6),"""",w)),"""")"),4.0) -> 4 | K69: =IF(J69="","","Term "&MIN($B$7,ROUNDUP(J69/$B$8,0))) -> Term 1 | L69: =IF(J69="","",MOD(J69-1,$B$8)+1) -> 4 | M69: =IF(J69="",FALSE,AND($B$9="Yes",MOD(J69,$B$8)=0)) -> FALSE | N69: =A69-WEEKDAY(A69,2)+1 -> 46265 | O69: =SUMPRODUCT(($N$44:$N$408=N69)*(WEEKDAY($A$44:$A$408,2)<=5)*--($H$44:$H$408=TRUE))>0 -> TRUE | Q69: =LET(base,IFERROR(INT(LOG(SUMPRODUCT(($A$16:$A$35<>"")*($B$16:$B$35<>"")*(A69>=$A$16:$A$35)*(A69<=$B$16:$B$35)*--((($C$16:$C$35="All dates")+($C$16:$C$35=B69))>0),{1;2;4;8;16;32;64;128;256;512;1024;2048;4096;8192;16384;32768;65536;131072;262144;524288}),2))+16,0),breakRow,IFERROR(INT(LOG(SUMPRODUCT(($A$16:$A$35<>"")*($B$16:$B$35<>"")*(A69>=$A$16:$A$35)*(A69<=$B$16:$B$35)*--((($C$16:$C$35="All dates")+($C$16:$C$35=B69))>0)*($F$16:$F$35=FALSE)*($F$16:$F$35<>"")*--((($D$16:$D$35="Break")+($D$16:$D$35="Holiday"))>0),{1;2;4;8;16;32;64;128;256;512;1024;2048;4096;8192;16384;32768;65536;131072;262144;524288}),2))+16,0),baseStatus,IF(base=0,"",INDEX($F$16:$F$35,base-15)),singleRow,IFERROR(INT(LOG(SUMPRODUCT(($A$16:$A$35<>"")*($B$16:$B$35<>"")*(A69>=$A$16:$A$35)*(A69<=$B$16:$B$35)*--((($C$16:$C$35="All dates")+($C$16:$C$35=B69))>0)*($A$16:$A$35=$B$16:$B$35)*($F$16:$F$35=baseStatus),{1;2;4;8;16;32;64;128;256;512;1024;2048;4096;8192;16384;32768;65536;131072;262144;524288}),2))+16,0),IF(breakRow>0,breakRow,IF(singleRow>0,singleRow,base))) -> 0
A70: =A69+1 -> 46270 | B70: =TEXT(A70,"dddd") -> Saturday | C70: =IFERROR(INDEX($I$7:$I$13,MATCH(B70,$H$7:$H$13,0)),FALSE) -> FALSE | D70: =IF($Q70=0,"",INDEX($D$16:$D$35,$Q70-ROW($A$16)+1)) | E70: =IF($Q70=0,"",INDEX($E$16:$E$35,$Q70-ROW($A$16)+1)) | F70: =IF($Q70=0,"",INDEX($F$16:$F$35,$Q70-ROW($A$16)+1)) | G70: =IF($Q70=0,"",INDEX($G$16:$G$35,$Q70-ROW($A$16)+1)) | H70: =IF(F70="",C70,F70) -> FALSE | I70: =IF(H70,COUNTIF($H$44:H70,TRUE),"") | J70: =IFERROR(__xludf.DUMMYFUNCTION("IF(O70,LET(w,IFERROR(MATCH(N70,UNIQUE(FILTER($N$44:$N$408,$O$44:$O$408=TRUE)),0),""""),IF(OR(w="""",w>$B$6),"""",w)),"""")"),4.0) -> 4 | K70: =IF(J70="","","Term "&MIN($B$7,ROUNDUP(J70/$B$8,0))) -> Term 1 | L70: =IF(J70="","",MOD(J70-1,$B$8)+1) -> 4 | M70: =IF(J70="",FALSE,AND($B$9="Yes",MOD(J70,$B$8)=0)) -> FALSE | N70: =A70-WEEKDAY(A70,2)+1 -> 46265 | O70: =SUMPRODUCT(($N$44:$N$408=N70)*(WEEKDAY($A$44:$A$408,2)<=5)*--($H$44:$H$408=TRUE))>0 -> TRUE | Q70: =LET(base,IFERROR(INT(LOG(SUMPRODUCT(($A$16:$A$35<>"")*($B$16:$B$35<>"")*(A70>=$A$16:$A$35)*(A70<=$B$16:$B$35)*--((($C$16:$C$35="All dates")+($C$16:$C$35=B70))>0),{1;2;4;8;16;32;64;128;256;512;1024;2048;4096;8192;16384;32768;65536;131072;262144;524288}),2))+16,0),breakRow,IFERROR(INT(LOG(SUMPRODUCT(($A$16:$A$35<>"")*($B$16:$B$35<>"")*(A70>=$A$16:$A$35)*(A70<=$B$16:$B$35)*--((($C$16:$C$35="All dates")+($C$16:$C$35=B70))>0)*($F$16:$F$35=FALSE)*($F$16:$F$35<>"")*--((($D$16:$D$35="Break")+($D$16:$D$35="Holiday"))>0),{1;2;4;8;16;32;64;128;256;512;1024;2048;4096;8192;16384;32768;65536;131072;262144;524288}),2))+16,0),baseStatus,IF(base=0,"",INDEX($F$16:$F$35,base-15)),singleRow,IFERROR(INT(LOG(SUMPRODUCT(($A$16:$A$35<>"")*($B$16:$B$35<>"")*(A70>=$A$16:$A$35)*(A70<=$B$16:$B$35)*--((($C$16:$C$35="All dates")+($C$16:$C$35=B70))>0)*($A$16:$A$35=$B$16:$B$35)*($F$16:$F$35=baseStatus),{1;2;4;8;16;32;64;128;256;512;1024;2048;4096;8192;16384;32768;65536;131072;262144;524288}),2))+16,0),IF(breakRow>0,breakRow,IF(singleRow>0,singleRow,base))) -> 0
A71: =A70+1 -> 46271 | B71: =TEXT(A71,"dddd") -> Sunday | C71: =IFERROR(INDEX($I$7:$I$13,MATCH(B71,$H$7:$H$13,0)),FALSE) -> FALSE | D71: =IF($Q71=0,"",INDEX($D$16:$D$35,$Q71-ROW($A$16)+1)) | E71: =IF($Q71=0,"",INDEX($E$16:$E$35,$Q71-ROW($A$16)+1)) | F71: =IF($Q71=0,"",INDEX($F$16:$F$35,$Q71-ROW($A$16)+1)) | G71: =IF($Q71=0,"",INDEX($G$16:$G$35,$Q71-ROW($A$16)+1)) | H71: =IF(F71="",C71,F71) -> FALSE | I71: =IF(H71,COUNTIF($H$44:H71,TRUE),"") | J71: =IFERROR(__xludf.DUMMYFUNCTION("IF(O71,LET(w,IFERROR(MATCH(N71,UNIQUE(FILTER($N$44:$N$408,$O$44:$O$408=TRUE)),0),""""),IF(OR(w="""",w>$B$6),"""",w)),"""")"),4.0) -> 4 | K71: =IF(J71="","","Term "&MIN($B$7,ROUNDUP(J71/$B$8,0))) -> Term 1 | L71: =IF(J71="","",MOD(J71-1,$B$8)+1) -> 4 | M71: =IF(J71="",FALSE,AND($B$9="Yes",MOD(J71,$B$8)=0)) -> FALSE | N71: =A71-WEEKDAY(A71,2)+1 -> 46265 | O71: =SUMPRODUCT(($N$44:$N$408=N71)*(WEEKDAY($A$44:$A$408,2)<=5)*--($H$44:$H$408=TRUE))>0 -> TRUE | Q71: =LET(base,IFERROR(INT(LOG(SUMPRODUCT(($A$16:$A$35<>"")*($B$16:$B$35<>"")*(A71>=$A$16:$A$35)*(A71<=$B$16:$B$35)*--((($C$16:$C$35="All dates")+($C$16:$C$35=B71))>0),{1;2;4;8;16;32;64;128;256;512;1024;2048;4096;8192;16384;32768;65536;131072;262144;524288}),2))+16,0),breakRow,IFERROR(INT(LOG(SUMPRODUCT(($A$16:$A$35<>"")*($B$16:$B$35<>"")*(A71>=$A$16:$A$35)*(A71<=$B$16:$B$35)*--((($C$16:$C$35="All dates")+($C$16:$C$35=B71))>0)*($F$16:$F$35=FALSE)*($F$16:$F$35<>"")*--((($D$16:$D$35="Break")+($D$16:$D$35="Holiday"))>0),{1;2;4;8;16;32;64;128;256;512;1024;2048;4096;8192;16384;32768;65536;131072;262144;524288}),2))+16,0),baseStatus,IF(base=0,"",INDEX($F$16:$F$35,base-15)),singleRow,IFERROR(INT(LOG(SUMPRODUCT(($A$16:$A$35<>"")*($B$16:$B$35<>"")*(A71>=$A$16:$A$35)*(A71<=$B$16:$B$35)*--((($C$16:$C$35="All dates")+($C$16:$C$35=B71))>0)*($A$16:$A$35=$B$16:$B$35)*($F$16:$F$35=baseStatus),{1;2;4;8;16;32;64;128;256;512;1024;2048;4096;8192;16384;32768;65536;131072;262144;524288}),2))+16,0),IF(breakRow>0,breakRow,IF(singleRow>0,singleRow,base))) -> 0
A72: =A71+1 -> 46272 | B72: =TEXT(A72,"dddd") -> Monday | C72: =IFERROR(INDEX($I$7:$I$13,MATCH(B72,$H$7:$H$13,0)),FALSE) -> TRUE | D72: =IF($Q72=0,"",INDEX($D$16:$D$35,$Q72-ROW($A$16)+1)) | E72: =IF($Q72=0,"",INDEX($E$16:$E$35,$Q72-ROW($A$16)+1)) | F72: =IF($Q72=0,"",INDEX($F$16:$F$35,$Q72-ROW($A$16)+1)) | G72: =IF($Q72=0,"",INDEX($G$16:$G$35,$Q72-ROW($A$16)+1)) | H72: =IF(F72="",C72,F72) -> TRUE | I72: =IF(H72,COUNTIF($H$44:H72,TRUE),"") -> 21 | J72: =IFERROR(__xludf.DUMMYFUNCTION("IF(O72,LET(w,IFERROR(MATCH(N72,UNIQUE(FILTER($N$44:$N$408,$O$44:$O$408=TRUE)),0),""""),IF(OR(w="""",w>$B$6),"""",w)),"""")"),5.0) -> 5 | K72: =IF(J72="","","Term "&MIN($B$7,ROUNDUP(J72/$B$8,0))) -> Term 1 | L72: =IF(J72="","",MOD(J72-1,$B$8)+1) -> 5 | M72: =IF(J72="",FALSE,AND($B$9="Yes",MOD(J72,$B$8)=0)) -> FALSE | N72: =A72-WEEKDAY(A72,2)+1 -> 46272 | O72: =SUMPRODUCT(($N$44:$N$408=N72)*(WEEKDAY($A$44:$A$408,2)<=5)*--($H$44:$H$408=TRUE))>0 -> TRUE | Q72: =LET(base,IFERROR(INT(LOG(SUMPRODUCT(($A$16:$A$35<>"")*($B$16:$B$35<>"")*(A72>=$A$16:$A$35)*(A72<=$B$16:$B$35)*--((($C$16:$C$35="All dates")+($C$16:$C$35=B72))>0),{1;2;4;8;16;32;64;128;256;512;1024;2048;4096;8192;16384;32768;65536;131072;262144;524288}),2))+16,0),breakRow,IFERROR(INT(LOG(SUMPRODUCT(($A$16:$A$35<>"")*($B$16:$B$35<>"")*(A72>=$A$16:$A$35)*(A72<=$B$16:$B$35)*--((($C$16:$C$35="All dates")+($C$16:$C$35=B72))>0)*($F$16:$F$35=FALSE)*($F$16:$F$35<>"")*--((($D$16:$D$35="Break")+($D$16:$D$35="Holiday"))>0),{1;2;4;8;16;32;64;128;256;512;1024;2048;4096;8192;16384;32768;65536;131072;262144;524288}),2))+16,0),baseStatus,IF(base=0,"",INDEX($F$16:$F$35,base-15)),singleRow,IFERROR(INT(LOG(SUMPRODUCT(($A$16:$A$35<>"")*($B$16:$B$35<>"")*(A72>=$A$16:$A$35)*(A72<=$B$16:$B$35)*--((($C$16:$C$35="All dates")+($C$16:$C$35=B72))>0)*($A$16:$A$35=$B$16:$B$35)*($F$16:$F$35=baseStatus),{1;2;4;8;16;32;64;128;256;512;1024;2048;4096;8192;16384;32768;65536;131072;262144;524288}),2))+16,0),IF(breakRow>0,breakRow,IF(singleRow>0,singleRow,base))) -> 0
A73: =A72+1 -> 46273 | B73: =TEXT(A73,"dddd") -> Tuesday | C73: =IFERROR(INDEX($I$7:$I$13,MATCH(B73,$H$7:$H$13,0)),FALSE) -> TRUE | D73: =IF($Q73=0,"",INDEX($D$16:$D$35,$Q73-ROW($A$16)+1)) | E73: =IF($Q73=0,"",INDEX($E$16:$E$35,$Q73-ROW($A$16)+1)) | F73: =IF($Q73=0,"",INDEX($F$16:$F$35,$Q73-ROW($A$16)+1)) | G73: =IF($Q73=0,"",INDEX($G$16:$G$35,$Q73-ROW($A$16)+1)) | H73: =IF(F73="",C73,F73) -> TRUE | I73: =IF(H73,COUNTIF($H$44:H73,TRUE),"") -> 22 | J73: =IFERROR(__xludf.DUMMYFUNCTION("IF(O73,LET(w,IFERROR(MATCH(N73,UNIQUE(FILTER($N$44:$N$408,$O$44:$O$408=TRUE)),0),""""),IF(OR(w="""",w>$B$6),"""",w)),"""")"),5.0) -> 5 | K73: =IF(J73="","","Term "&MIN($B$7,ROUNDUP(J73/$B$8,0))) -> Term 1 | L73: =IF(J73="","",MOD(J73-1,$B$8)+1) -> 5 | M73: =IF(J73="",FALSE,AND($B$9="Yes",MOD(J73,$B$8)=0)) -> FALSE | N73: =A73-WEEKDAY(A73,2)+1 -> 46272 | O73: =SUMPRODUCT(($N$44:$N$408=N73)*(WEEKDAY($A$44:$A$408,2)<=5)*--($H$44:$H$408=TRUE))>0 -> TRUE | Q73: =LET(base,IFERROR(INT(LOG(SUMPRODUCT(($A$16:$A$35<>"")*($B$16:$B$35<>"")*(A73>=$A$16:$A$35)*(A73<=$B$16:$B$35)*--((($C$16:$C$35="All dates")+($C$16:$C$35=B73))>0),{1;2;4;8;16;32;64;128;256;512;1024;2048;4096;8192;16384;32768;65536;131072;262144;524288}),2))+16,0),breakRow,IFERROR(INT(LOG(SUMPRODUCT(($A$16:$A$35<>"")*($B$16:$B$35<>"")*(A73>=$A$16:$A$35)*(A73<=$B$16:$B$35)*--((($C$16:$C$35="All dates")+($C$16:$C$35=B73))>0)*($F$16:$F$35=FALSE)*($F$16:$F$35<>"")*--((($D$16:$D$35="Break")+($D$16:$D$35="Holiday"))>0),{1;2;4;8;16;32;64;128;256;512;1024;2048;4096;8192;16384;32768;65536;131072;262144;524288}),2))+16,0),baseStatus,IF(base=0,"",INDEX($F$16:$F$35,base-15)),singleRow,IFERROR(INT(LOG(SUMPRODUCT(($A$16:$A$35<>"")*($B$16:$B$35<>"")*(A73>=$A$16:$A$35)*(A73<=$B$16:$B$35)*--((($C$16:$C$35="All dates")+($C$16:$C$35=B73))>0)*($A$16:$A$35=$B$16:$B$35)*($F$16:$F$35=baseStatus),{1;2;4;8;16;32;64;128;256;512;1024;2048;4096;8192;16384;32768;65536;131072;262144;524288}),2))+16,0),IF(breakRow>0,breakRow,IF(singleRow>0,singleRow,base))) -> 0
A74: =A73+1 -> 46274 | B74: =TEXT(A74,"dddd") -> Wednesday | C74: =IFERROR(INDEX($I$7:$I$13,MATCH(B74,$H$7:$H$13,0)),FALSE) -> TRUE | D74: =IF($Q74=0,"",INDEX($D$16:$D$35,$Q74-ROW($A$16)+1)) | E74: =IF($Q74=0,"",INDEX($E$16:$E$35,$Q74-ROW($A$16)+1)) | F74: =IF($Q74=0,"",INDEX($F$16:$F$35,$Q74-ROW($A$16)+1)) | G74: =IF($Q74=0,"",INDEX($G$16:$G$35,$Q74-ROW($A$16)+1)) | H74: =IF(F74="",C74,F74) -> TRUE | I74: =IF(H74,COUNTIF($H$44:H74,TRUE),"") -> 23 | J74: =IFERROR(__xludf.DUMMYFUNCTION("IF(O74,LET(w,IFERROR(MATCH(N74,UNIQUE(FILTER($N$44:$N$408,$O$44:$O$408=TRUE)),0),""""),IF(OR(w="""",w>$B$6),"""",w)),"""")"),5.0) -> 5 | K74: =IF(J74="","","Term "&MIN($B$7,ROUNDUP(J74/$B$8,0))) -> Term 1 | L74: =IF(J74="","",MOD(J74-1,$B$8)+1) -> 5 | M74: =IF(J74="",FALSE,AND($B$9="Yes",MOD(J74,$B$8)=0)) -> FALSE | N74: =A74-WEEKDAY(A74,2)+1 -> 46272 | O74: =SUMPRODUCT(($N$44:$N$408=N74)*(WEEKDAY($A$44:$A$408,2)<=5)*--($H$44:$H$408=TRUE))>0 -> TRUE | Q74: =LET(base,IFERROR(INT(LOG(SUMPRODUCT(($A$16:$A$35<>"")*($B$16:$B$35<>"")*(A74>=$A$16:$A$35)*(A74<=$B$16:$B$35)*--((($C$16:$C$35="All dates")+($C$16:$C$35=B74))>0),{1;2;4;8;16;32;64;128;256;512;1024;2048;4096;8192;16384;32768;65536;131072;262144;524288}),2))+16,0),breakRow,IFERROR(INT(LOG(SUMPRODUCT(($A$16:$A$35<>"")*($B$16:$B$35<>"")*(A74>=$A$16:$A$35)*(A74<=$B$16:$B$35)*--((($C$16:$C$35="All dates")+($C$16:$C$35=B74))>0)*($F$16:$F$35=FALSE)*($F$16:$F$35<>"")*--((($D$16:$D$35="Break")+($D$16:$D$35="Holiday"))>0),{1;2;4;8;16;32;64;128;256;512;1024;2048;4096;8192;16384;32768;65536;131072;262144;524288}),2))+16,0),baseStatus,IF(base=0,"",INDEX($F$16:$F$35,base-15)),singleRow,IFERROR(INT(LOG(SUMPRODUCT(($A$16:$A$35<>"")*($B$16:$B$35<>"")*(A74>=$A$16:$A$35)*(A74<=$B$16:$B$35)*--((($C$16:$C$35="All dates")+($C$16:$C$35=B74))>0)*($A$16:$A$35=$B$16:$B$35)*($F$16:$F$35=baseStatus),{1;2;4;8;16;32;64;128;256;512;1024;2048;4096;8192;16384;32768;65536;131072;262144;524288}),2))+16,0),IF(breakRow>0,breakRow,IF(singleRow>0,singleRow,base))) -> 0
A75: =A74+1 -> 46275 | B75: =TEXT(A75,"dddd") -> Thursday | C75: =IFERROR(INDEX($I$7:$I$13,MATCH(B75,$H$7:$H$13,0)),FALSE) -> TRUE | D75: =IF($Q75=0,"",INDEX($D$16:$D$35,$Q75-ROW($A$16)+1)) | E75: =IF($Q75=0,"",INDEX($E$16:$E$35,$Q75-ROW($A$16)+1)) | F75: =IF($Q75=0,"",INDEX($F$16:$F$35,$Q75-ROW($A$16)+1)) | G75: =IF($Q75=0,"",INDEX($G$16:$G$35,$Q75-ROW($A$16)+1)) | H75: =IF(F75="",C75,F75) -> TRUE | I75: =IF(H75,COUNTIF($H$44:H75,TRUE),"") -> 24 | J75: =IFERROR(__xludf.DUMMYFUNCTION("IF(O75,LET(w,IFERROR(MATCH(N75,UNIQUE(FILTER($N$44:$N$408,$O$44:$O$408=TRUE)),0),""""),IF(OR(w="""",w>$B$6),"""",w)),"""")"),5.0) -> 5 | K75: =IF(J75="","","Term "&MIN($B$7,ROUNDUP(J75/$B$8,0))) -> Term 1 | L75: =IF(J75="","",MOD(J75-1,$B$8)+1) -> 5 | M75: =IF(J75="",FALSE,AND($B$9="Yes",MOD(J75,$B$8)=0)) -> FALSE | N75: =A75-WEEKDAY(A75,2)+1 -> 46272 | O75: =SUMPRODUCT(($N$44:$N$408=N75)*(WEEKDAY($A$44:$A$408,2)<=5)*--($H$44:$H$408=TRUE))>0 -> TRUE | Q75: =LET(base,IFERROR(INT(LOG(SUMPRODUCT(($A$16:$A$35<>"")*($B$16:$B$35<>"")*(A75>=$A$16:$A$35)*(A75<=$B$16:$B$35)*--((($C$16:$C$35="All dates")+($C$16:$C$35=B75))>0),{1;2;4;8;16;32;64;128;256;512;1024;2048;4096;8192;16384;32768;65536;131072;262144;524288}),2))+16,0),breakRow,IFERROR(INT(LOG(SUMPRODUCT(($A$16:$A$35<>"")*($B$16:$B$35<>"")*(A75>=$A$16:$A$35)*(A75<=$B$16:$B$35)*--((($C$16:$C$35="All dates")+($C$16:$C$35=B75))>0)*($F$16:$F$35=FALSE)*($F$16:$F$35<>"")*--((($D$16:$D$35="Break")+($D$16:$D$35="Holiday"))>0),{1;2;4;8;16;32;64;128;256;512;1024;2048;4096;8192;16384;32768;65536;131072;262144;524288}),2))+16,0),baseStatus,IF(base=0,"",INDEX($F$16:$F$35,base-15)),singleRow,IFERROR(INT(LOG(SUMPRODUCT(($A$16:$A$35<>"")*($B$16:$B$35<>"")*(A75>=$A$16:$A$35)*(A75<=$B$16:$B$35)*--((($C$16:$C$35="All dates")+($C$16:$C$35=B75))>0)*($A$16:$A$35=$B$16:$B$35)*($F$16:$F$35=baseStatus),{1;2;4;8;16;32;64;128;256;512;1024;2048;4096;8192;16384;32768;65536;131072;262144;524288}),2))+16,0),IF(breakRow>0,breakRow,IF(singleRow>0,singleRow,base))) -> 0
A76: =A75+1 -> 46276 | B76: =TEXT(A76,"dddd") -> Friday | C76: =IFERROR(INDEX($I$7:$I$13,MATCH(B76,$H$7:$H$13,0)),FALSE) -> TRUE | D76: =IF($Q76=0,"",INDEX($D$16:$D$35,$Q76-ROW($A$16)+1)) | E76: =IF($Q76=0,"",INDEX($E$16:$E$35,$Q76-ROW($A$16)+1)) | F76: =IF($Q76=0,"",INDEX($F$16:$F$35,$Q76-ROW($A$16)+1)) | G76: =IF($Q76=0,"",INDEX($G$16:$G$35,$Q76-ROW($A$16)+1)) | H76: =IF(F76="",C76,F76) -> TRUE | I76: =IF(H76,COUNTIF($H$44:H76,TRUE),"") -> 25 | J76: =IFERROR(__xludf.DUMMYFUNCTION("IF(O76,LET(w,IFERROR(MATCH(N76,UNIQUE(FILTER($N$44:$N$408,$O$44:$O$408=TRUE)),0),""""),IF(OR(w="""",w>$B$6),"""",w)),"""")"),5.0) -> 5 | K76: =IF(J76="","","Term "&MIN($B$7,ROUNDUP(J76/$B$8,0))) -> Term 1 | L76: =IF(J76="","",MOD(J76-1,$B$8)+1) -> 5 | M76: =IF(J76="",FALSE,AND($B$9="Yes",MOD(J76,$B$8)=0)) -> FALSE | N76: =A76-WEEKDAY(A76,2)+1 -> 46272 | O76: =SUMPRODUCT(($N$44:$N$408=N76)*(WEEKDAY($A$44:$A$408,2)<=5)*--($H$44:$H$408=TRUE))>0 -> TRUE | Q76: =LET(base,IFERROR(INT(LOG(SUMPRODUCT(($A$16:$A$35<>"")*($B$16:$B$35<>"")*(A76>=$A$16:$A$35)*(A76<=$B$16:$B$35)*--((($C$16:$C$35="All dates")+($C$16:$C$35=B76))>0),{1;2;4;8;16;32;64;128;256;512;1024;2048;4096;8192;16384;32768;65536;131072;262144;524288}),2))+16,0),breakRow,IFERROR(INT(LOG(SUMPRODUCT(($A$16:$A$35<>"")*($B$16:$B$35<>"")*(A76>=$A$16:$A$35)*(A76<=$B$16:$B$35)*--((($C$16:$C$35="All dates")+($C$16:$C$35=B76))>0)*($F$16:$F$35=FALSE)*($F$16:$F$35<>"")*--((($D$16:$D$35="Break")+($D$16:$D$35="Holiday"))>0),{1;2;4;8;16;32;64;128;256;512;1024;2048;4096;8192;16384;32768;65536;131072;262144;524288}),2))+16,0),baseStatus,IF(base=0,"",INDEX($F$16:$F$35,base-15)),singleRow,IFERROR(INT(LOG(SUMPRODUCT(($A$16:$A$35<>"")*($B$16:$B$35<>"")*(A76>=$A$16:$A$35)*(A76<=$B$16:$B$35)*--((($C$16:$C$35="All dates")+($C$16:$C$35=B76))>0)*($A$16:$A$35=$B$16:$B$35)*($F$16:$F$35=baseStatus),{1;2;4;8;16;32;64;128;256;512;1024;2048;4096;8192;16384;32768;65536;131072;262144;524288}),2))+16,0),IF(breakRow>0,breakRow,IF(singleRow>0,singleRow,base))) -> 0
A77: =A76+1 -> 46277 | B77: =TEXT(A77,"dddd") -> Saturday | C77: =IFERROR(INDEX($I$7:$I$13,MATCH(B77,$H$7:$H$13,0)),FALSE) -> FALSE | D77: =IF($Q77=0,"",INDEX($D$16:$D$35,$Q77-ROW($A$16)+1)) | E77: =IF($Q77=0,"",INDEX($E$16:$E$35,$Q77-ROW($A$16)+1)) | F77: =IF($Q77=0,"",INDEX($F$16:$F$35,$Q77-ROW($A$16)+1)) | G77: =IF($Q77=0,"",INDEX($G$16:$G$35,$Q77-ROW($A$16)+1)) | H77: =IF(F77="",C77,F77) -> FALSE | I77: =IF(H77,COUNTIF($H$44:H77,TRUE),"") | J77: =IFERROR(__xludf.DUMMYFUNCTION("IF(O77,LET(w,IFERROR(MATCH(N77,UNIQUE(FILTER($N$44:$N$408,$O$44:$O$408=TRUE)),0),""""),IF(OR(w="""",w>$B$6),"""",w)),"""")"),5.0) -> 5 | K77: =IF(J77="","","Term "&MIN($B$7,ROUNDUP(J77/$B$8,0))) -> Term 1 | L77: =IF(J77="","",MOD(J77-1,$B$8)+1) -> 5 | M77: =IF(J77="",FALSE,AND($B$9="Yes",MOD(J77,$B$8)=0)) -> FALSE | N77: =A77-WEEKDAY(A77,2)+1 -> 46272 | O77: =SUMPRODUCT(($N$44:$N$408=N77)*(WEEKDAY($A$44:$A$408,2)<=5)*--($H$44:$H$408=TRUE))>0 -> TRUE | Q77: =LET(base,IFERROR(INT(LOG(SUMPRODUCT(($A$16:$A$35<>"")*($B$16:$B$35<>"")*(A77>=$A$16:$A$35)*(A77<=$B$16:$B$35)*--((($C$16:$C$35="All dates")+($C$16:$C$35=B77))>0),{1;2;4;8;16;32;64;128;256;512;1024;2048;4096;8192;16384;32768;65536;131072;262144;524288}),2))+16,0),breakRow,IFERROR(INT(LOG(SUMPRODUCT(($A$16:$A$35<>"")*($B$16:$B$35<>"")*(A77>=$A$16:$A$35)*(A77<=$B$16:$B$35)*--((($C$16:$C$35="All dates")+($C$16:$C$35=B77))>0)*($F$16:$F$35=FALSE)*($F$16:$F$35<>"")*--((($D$16:$D$35="Break")+($D$16:$D$35="Holiday"))>0),{1;2;4;8;16;32;64;128;256;512;1024;2048;4096;8192;16384;32768;65536;131072;262144;524288}),2))+16,0),baseStatus,IF(base=0,"",INDEX($F$16:$F$35,base-15)),singleRow,IFERROR(INT(LOG(SUMPRODUCT(($A$16:$A$35<>"")*($B$16:$B$35<>"")*(A77>=$A$16:$A$35)*(A77<=$B$16:$B$35)*--((($C$16:$C$35="All dates")+($C$16:$C$35=B77))>0)*($A$16:$A$35=$B$16:$B$35)*($F$16:$F$35=baseStatus),{1;2;4;8;16;32;64;128;256;512;1024;2048;4096;8192;16384;32768;65536;131072;262144;524288}),2))+16,0),IF(breakRow>0,breakRow,IF(singleRow>0,singleRow,base))) -> 0
A78: =A77+1 -> 46278 | B78: =TEXT(A78,"dddd") -> Sunday | C78: =IFERROR(INDEX($I$7:$I$13,MATCH(B78,$H$7:$H$13,0)),FALSE) -> FALSE | D78: =IF($Q78=0,"",INDEX($D$16:$D$35,$Q78-ROW($A$16)+1)) | E78: =IF($Q78=0,"",INDEX($E$16:$E$35,$Q78-ROW($A$16)+1)) | F78: =IF($Q78=0,"",INDEX($F$16:$F$35,$Q78-ROW($A$16)+1)) | G78: =IF($Q78=0,"",INDEX($G$16:$G$35,$Q78-ROW($A$16)+1)) | H78: =IF(F78="",C78,F78) -> FALSE | I78: =IF(H78,COUNTIF($H$44:H78,TRUE),"") | J78: =IFERROR(__xludf.DUMMYFUNCTION("IF(O78,LET(w,IFERROR(MATCH(N78,UNIQUE(FILTER($N$44:$N$408,$O$44:$O$408=TRUE)),0),""""),IF(OR(w="""",w>$B$6),"""",w)),"""")"),5.0) -> 5 | K78: =IF(J78="","","Term "&MIN($B$7,ROUNDUP(J78/$B$8,0))) -> Term 1 | L78: =IF(J78="","",MOD(J78-1,$B$8)+1) -> 5 | M78: =IF(J78="",FALSE,AND($B$9="Yes",MOD(J78,$B$8)=0)) -> FALSE | N78: =A78-WEEKDAY(A78,2)+1 -> 46272 | O78: =SUMPRODUCT(($N$44:$N$408=N78)*(WEEKDAY($A$44:$A$408,2)<=5)*--($H$44:$H$408=TRUE))>0 -> TRUE | Q78: =LET(base,IFERROR(INT(LOG(SUMPRODUCT(($A$16:$A$35<>"")*($B$16:$B$35<>"")*(A78>=$A$16:$A$35)*(A78<=$B$16:$B$35)*--((($C$16:$C$35="All dates")+($C$16:$C$35=B78))>0),{1;2;4;8;16;32;64;128;256;512;1024;2048;4096;8192;16384;32768;65536;131072;262144;524288}),2))+16,0),breakRow,IFERROR(INT(LOG(SUMPRODUCT(($A$16:$A$35<>"")*($B$16:$B$35<>"")*(A78>=$A$16:$A$35)*(A78<=$B$16:$B$35)*--((($C$16:$C$35="All dates")+($C$16:$C$35=B78))>0)*($F$16:$F$35=FALSE)*($F$16:$F$35<>"")*--((($D$16:$D$35="Break")+($D$16:$D$35="Holiday"))>0),{1;2;4;8;16;32;64;128;256;512;1024;2048;4096;8192;16384;32768;65536;131072;262144;524288}),2))+16,0),baseStatus,IF(base=0,"",INDEX($F$16:$F$35,base-15)),singleRow,IFERROR(INT(LOG(SUMPRODUCT(($A$16:$A$35<>"")*($B$16:$B$35<>"")*(A78>=$A$16:$A$35)*(A78<=$B$16:$B$35)*--((($C$16:$C$35="All dates")+($C$16:$C$35=B78))>0)*($A$16:$A$35=$B$16:$B$35)*($F$16:$F$35=baseStatus),{1;2;4;8;16;32;64;128;256;512;1024;2048;4096;8192;16384;32768;65536;131072;262144;524288}),2))+16,0),IF(breakRow>0,breakRow,IF(singleRow>0,singleRow,base))) -> 0
A79: =A78+1 -> 46279 | B79: =TEXT(A79,"dddd") -> Monday | C79: =IFERROR(INDEX($I$7:$I$13,MATCH(B79,$H$7:$H$13,0)),FALSE) -> TRUE | D79: =IF($Q79=0,"",INDEX($D$16:$D$35,$Q79-ROW($A$16)+1)) | E79: =IF($Q79=0,"",INDEX($E$16:$E$35,$Q79-ROW($A$16)+1)) | F79: =IF($Q79=0,"",INDEX($F$16:$F$35,$Q79-ROW($A$16)+1)) | G79: =IF($Q79=0,"",INDEX($G$16:$G$35,$Q79-ROW($A$16)+1)) | H79: =IF(F79="",C79,F79) -> TRUE | I79: =IF(H79,COUNTIF($H$44:H79,TRUE),"") -> 26 | J79: =IFERROR(__xludf.DUMMYFUNCTION("IF(O79,LET(w,IFERROR(MATCH(N79,UNIQUE(FILTER($N$44:$N$408,$O$44:$O$408=TRUE)),0),""""),IF(OR(w="""",w>$B$6),"""",w)),"""")"),6.0) -> 6 | K79: =IF(J79="","","Term "&MIN($B$7,ROUNDUP(J79/$B$8,0))) -> Term 1 | L79: =IF(J79="","",MOD(J79-1,$B$8)+1) -> 6 | M79: =IF(J79="",FALSE,AND($B$9="Yes",MOD(J79,$B$8)=0)) -> FALSE | N79: =A79-WEEKDAY(A79,2)+1 -> 46279 | O79: =SUMPRODUCT(($N$44:$N$408=N79)*(WEEKDAY($A$44:$A$408,2)<=5)*--($H$44:$H$408=TRUE))>0 -> TRUE | Q79: =LET(base,IFERROR(INT(LOG(SUMPRODUCT(($A$16:$A$35<>"")*($B$16:$B$35<>"")*(A79>=$A$16:$A$35)*(A79<=$B$16:$B$35)*--((($C$16:$C$35="All dates")+($C$16:$C$35=B79))>0),{1;2;4;8;16;32;64;128;256;512;1024;2048;4096;8192;16384;32768;65536;131072;262144;524288}),2))+16,0),breakRow,IFERROR(INT(LOG(SUMPRODUCT(($A$16:$A$35<>"")*($B$16:$B$35<>"")*(A79>=$A$16:$A$35)*(A79<=$B$16:$B$35)*--((($C$16:$C$35="All dates")+($C$16:$C$35=B79))>0)*($F$16:$F$35=FALSE)*($F$16:$F$35<>"")*--((($D$16:$D$35="Break")+($D$16:$D$35="Holiday"))>0),{1;2;4;8;16;32;64;128;256;512;1024;2048;4096;8192;16384;32768;65536;131072;262144;524288}),2))+16,0),baseStatus,IF(base=0,"",INDEX($F$16:$F$35,base-15)),singleRow,IFERROR(INT(LOG(SUMPRODUCT(($A$16:$A$35<>"")*($B$16:$B$35<>"")*(A79>=$A$16:$A$35)*(A79<=$B$16:$B$35)*--((($C$16:$C$35="All dates")+($C$16:$C$35=B79))>0)*($A$16:$A$35=$B$16:$B$35)*($F$16:$F$35=baseStatus),{1;2;4;8;16;32;64;128;256;512;1024;2048;4096;8192;16384;32768;65536;131072;262144;524288}),2))+16,0),IF(breakRow>0,breakRow,IF(singleRow>0,singleRow,base))) -> 0
A80: =A79+1 -> 46280 | B80: =TEXT(A80,"dddd") -> Tuesday | C80: =IFERROR(INDEX($I$7:$I$13,MATCH(B80,$H$7:$H$13,0)),FALSE) -> TRUE | D80: =IF($Q80=0,"",INDEX($D$16:$D$35,$Q80-ROW($A$16)+1)) | E80: =IF($Q80=0,"",INDEX($E$16:$E$35,$Q80-ROW($A$16)+1)) | F80: =IF($Q80=0,"",INDEX($F$16:$F$35,$Q80-ROW($A$16)+1)) | G80: =IF($Q80=0,"",INDEX($G$16:$G$35,$Q80-ROW($A$16)+1)) | H80: =IF(F80="",C80,F80) -> TRUE | I80: =IF(H80,COUNTIF($H$44:H80,TRUE),"") -> 27 | J80: =IFERROR(__xludf.DUMMYFUNCTION("IF(O80,LET(w,IFERROR(MATCH(N80,UNIQUE(FILTER($N$44:$N$408,$O$44:$O$408=TRUE)),0),""""),IF(OR(w="""",w>$B$6),"""",w)),"""")"),6.0) -> 6 | K80: =IF(J80="","","Term "&MIN($B$7,ROUNDUP(J80/$B$8,0))) -> Term 1 | L80: =IF(J80="","",MOD(J80-1,$B$8)+1) -> 6 | M80: =IF(J80="",FALSE,AND($B$9="Yes",MOD(J80,$B$8)=0)) -> FALSE | N80: =A80-WEEKDAY(A80,2)+1 -> 46279 | O80: =SUMPRODUCT(($N$44:$N$408=N80)*(WEEKDAY($A$44:$A$408,2)<=5)*--($H$44:$H$408=TRUE))>0 -> TRUE | Q80: =LET(base,IFERROR(INT(LOG(SUMPRODUCT(($A$16:$A$35<>"")*($B$16:$B$35<>"")*(A80>=$A$16:$A$35)*(A80<=$B$16:$B$35)*--((($C$16:$C$35="All dates")+($C$16:$C$35=B80))>0),{1;2;4;8;16;32;64;128;256;512;1024;2048;4096;8192;16384;32768;65536;131072;262144;524288}),2))+16,0),breakRow,IFERROR(INT(LOG(SUMPRODUCT(($A$16:$A$35<>"")*($B$16:$B$35<>"")*(A80>=$A$16:$A$35)*(A80<=$B$16:$B$35)*--((($C$16:$C$35="All dates")+($C$16:$C$35=B80))>0)*($F$16:$F$35=FALSE)*($F$16:$F$35<>"")*--((($D$16:$D$35="Break")+($D$16:$D$35="Holiday"))>0),{1;2;4;8;16;32;64;128;256;512;1024;2048;4096;8192;16384;32768;65536;131072;262144;524288}),2))+16,0),baseStatus,IF(base=0,"",INDEX($F$16:$F$35,base-15)),singleRow,IFERROR(INT(LOG(SUMPRODUCT(($A$16:$A$35<>"")*($B$16:$B$35<>"")*(A80>=$A$16:$A$35)*(A80<=$B$16:$B$35)*--((($C$16:$C$35="All dates")+($C$16:$C$35=B80))>0)*($A$16:$A$35=$B$16:$B$35)*($F$16:$F$35=baseStatus),{1;2;4;8;16;32;64;128;256;512;1024;2048;4096;8192;16384;32768;65536;131072;262144;524288}),2))+16,0),IF(breakRow>0,breakRow,IF(singleRow>0,singleRow,base))) -> 0
A81: =A80+1 -> 46281 | B81: =TEXT(A81,"dddd") -> Wednesday | C81: =IFERROR(INDEX($I$7:$I$13,MATCH(B81,$H$7:$H$13,0)),FALSE) -> TRUE | D81: =IF($Q81=0,"",INDEX($D$16:$D$35,$Q81-ROW($A$16)+1)) | E81: =IF($Q81=0,"",INDEX($E$16:$E$35,$Q81-ROW($A$16)+1)) | F81: =IF($Q81=0,"",INDEX($F$16:$F$35,$Q81-ROW($A$16)+1)) | G81: =IF($Q81=0,"",INDEX($G$16:$G$35,$Q81-ROW($A$16)+1)) | H81: =IF(F81="",C81,F81) -> TRUE | I81: =IF(H81,COUNTIF($H$44:H81,TRUE),"") -> 28 | J81: =IFERROR(__xludf.DUMMYFUNCTION("IF(O81,LET(w,IFERROR(MATCH(N81,UNIQUE(FILTER($N$44:$N$408,$O$44:$O$408=TRUE)),0),""""),IF(OR(w="""",w>$B$6),"""",w)),"""")"),6.0) -> 6 | K81: =IF(J81="","","Term "&MIN($B$7,ROUNDUP(J81/$B$8,0))) -> Term 1 | L81: =IF(J81="","",MOD(J81-1,$B$8)+1) -> 6 | M81: =IF(J81="",FALSE,AND($B$9="Yes",MOD(J81,$B$8)=0)) -> FALSE | N81: =A81-WEEKDAY(A81,2)+1 -> 46279 | O81: =SUMPRODUCT(($N$44:$N$408=N81)*(WEEKDAY($A$44:$A$408,2)<=5)*--($H$44:$H$408=TRUE))>0 -> TRUE | Q81: =LET(base,IFERROR(INT(LOG(SUMPRODUCT(($A$16:$A$35<>"")*($B$16:$B$35<>"")*(A81>=$A$16:$A$35)*(A81<=$B$16:$B$35)*--((($C$16:$C$35="All dates")+($C$16:$C$35=B81))>0),{1;2;4;8;16;32;64;128;256;512;1024;2048;4096;8192;16384;32768;65536;131072;262144;524288}),2))+16,0),breakRow,IFERROR(INT(LOG(SUMPRODUCT(($A$16:$A$35<>"")*($B$16:$B$35<>"")*(A81>=$A$16:$A$35)*(A81<=$B$16:$B$35)*--((($C$16:$C$35="All dates")+($C$16:$C$35=B81))>0)*($F$16:$F$35=FALSE)*($F$16:$F$35<>"")*--((($D$16:$D$35="Break")+($D$16:$D$35="Holiday"))>0),{1;2;4;8;16;32;64;128;256;512;1024;2048;4096;8192;16384;32768;65536;131072;262144;524288}),2))+16,0),baseStatus,IF(base=0,"",INDEX($F$16:$F$35,base-15)),singleRow,IFERROR(INT(LOG(SUMPRODUCT(($A$16:$A$35<>"")*($B$16:$B$35<>"")*(A81>=$A$16:$A$35)*(A81<=$B$16:$B$35)*--((($C$16:$C$35="All dates")+($C$16:$C$35=B81))>0)*($A$16:$A$35=$B$16:$B$35)*($F$16:$F$35=baseStatus),{1;2;4;8;16;32;64;128;256;512;1024;2048;4096;8192;16384;32768;65536;131072;262144;524288}),2))+16,0),IF(breakRow>0,breakRow,IF(singleRow>0,singleRow,base))) -> 0
A82: =A81+1 -> 46282 | B82: =TEXT(A82,"dddd") -> Thursday | C82: =IFERROR(INDEX($I$7:$I$13,MATCH(B82,$H$7:$H$13,0)),FALSE) -> TRUE | D82: =IF($Q82=0,"",INDEX($D$16:$D$35,$Q82-ROW($A$16)+1)) | E82: =IF($Q82=0,"",INDEX($E$16:$E$35,$Q82-ROW($A$16)+1)) | F82: =IF($Q82=0,"",INDEX($F$16:$F$35,$Q82-ROW($A$16)+1)) | G82: =IF($Q82=0,"",INDEX($G$16:$G$35,$Q82-ROW($A$16)+1)) | H82: =IF(F82="",C82,F82) -> TRUE | I82: =IF(H82,COUNTIF($H$44:H82,TRUE),"") -> 29 | J82: =IFERROR(__xludf.DUMMYFUNCTION("IF(O82,LET(w,IFERROR(MATCH(N82,UNIQUE(FILTER($N$44:$N$408,$O$44:$O$408=TRUE)),0),""""),IF(OR(w="""",w>$B$6),"""",w)),"""")"),6.0) -> 6 | K82: =IF(J82="","","Term "&MIN($B$7,ROUNDUP(J82/$B$8,0))) -> Term 1 | L82: =IF(J82="","",MOD(J82-1,$B$8)+1) -> 6 | M82: =IF(J82="",FALSE,AND($B$9="Yes",MOD(J82,$B$8)=0)) -> FALSE | N82: =A82-WEEKDAY(A82,2)+1 -> 46279 | O82: =SUMPRODUCT(($N$44:$N$408=N82)*(WEEKDAY($A$44:$A$408,2)<=5)*--($H$44:$H$408=TRUE))>0 -> TRUE | Q82: =LET(base,IFERROR(INT(LOG(SUMPRODUCT(($A$16:$A$35<>"")*($B$16:$B$35<>"")*(A82>=$A$16:$A$35)*(A82<=$B$16:$B$35)*--((($C$16:$C$35="All dates")+($C$16:$C$35=B82))>0),{1;2;4;8;16;32;64;128;256;512;1024;2048;4096;8192;16384;32768;65536;131072;262144;524288}),2))+16,0),breakRow,IFERROR(INT(LOG(SUMPRODUCT(($A$16:$A$35<>"")*($B$16:$B$35<>"")*(A82>=$A$16:$A$35)*(A82<=$B$16:$B$35)*--((($C$16:$C$35="All dates")+($C$16:$C$35=B82))>0)*($F$16:$F$35=FALSE)*($F$16:$F$35<>"")*--((($D$16:$D$35="Break")+($D$16:$D$35="Holiday"))>0),{1;2;4;8;16;32;64;128;256;512;1024;2048;4096;8192;16384;32768;65536;131072;262144;524288}),2))+16,0),baseStatus,IF(base=0,"",INDEX($F$16:$F$35,base-15)),singleRow,IFERROR(INT(LOG(SUMPRODUCT(($A$16:$A$35<>"")*($B$16:$B$35<>"")*(A82>=$A$16:$A$35)*(A82<=$B$16:$B$35)*--((($C$16:$C$35="All dates")+($C$16:$C$35=B82))>0)*($A$16:$A$35=$B$16:$B$35)*($F$16:$F$35=baseStatus),{1;2;4;8;16;32;64;128;256;512;1024;2048;4096;8192;16384;32768;65536;131072;262144;524288}),2))+16,0),IF(breakRow>0,breakRow,IF(singleRow>0,singleRow,base))) -> 0
A83: =A82+1 -> 46283 | B83: =TEXT(A83,"dddd") -> Friday | C83: =IFERROR(INDEX($I$7:$I$13,MATCH(B83,$H$7:$H$13,0)),FALSE) -> TRUE | D83: =IF($Q83=0,"",INDEX($D$16:$D$35,$Q83-ROW($A$16)+1)) | E83: =IF($Q83=0,"",INDEX($E$16:$E$35,$Q83-ROW($A$16)+1)) | F83: =IF($Q83=0,"",INDEX($F$16:$F$35,$Q83-ROW($A$16)+1)) | G83: =IF($Q83=0,"",INDEX($G$16:$G$35,$Q83-ROW($A$16)+1)) | H83: =IF(F83="",C83,F83) -> TRUE | I83: =IF(H83,COUNTIF($H$44:H83,TRUE),"") -> 30 | J83: =IFERROR(__xludf.DUMMYFUNCTION("IF(O83,LET(w,IFERROR(MATCH(N83,UNIQUE(FILTER($N$44:$N$408,$O$44:$O$408=TRUE)),0),""""),IF(OR(w="""",w>$B$6),"""",w)),"""")"),6.0) -> 6 | K83: =IF(J83="","","Term "&MIN($B$7,ROUNDUP(J83/$B$8,0))) -> Term 1 | L83: =IF(J83="","",MOD(J83-1,$B$8)+1) -> 6 | M83: =IF(J83="",FALSE,AND($B$9="Yes",MOD(J83,$B$8)=0)) -> FALSE | N83: =A83-WEEKDAY(A83,2)+1 -> 46279 | O83: =SUMPRODUCT(($N$44:$N$408=N83)*(WEEKDAY($A$44:$A$408,2)<=5)*--($H$44:$H$408=TRUE))>0 -> TRUE | Q83: =LET(base,IFERROR(INT(LOG(SUMPRODUCT(($A$16:$A$35<>"")*($B$16:$B$35<>"")*(A83>=$A$16:$A$35)*(A83<=$B$16:$B$35)*--((($C$16:$C$35="All dates")+($C$16:$C$35=B83))>0),{1;2;4;8;16;32;64;128;256;512;1024;2048;4096;8192;16384;32768;65536;131072;262144;524288}),2))+16,0),breakRow,IFERROR(INT(LOG(SUMPRODUCT(($A$16:$A$35<>"")*($B$16:$B$35<>"")*(A83>=$A$16:$A$35)*(A83<=$B$16:$B$35)*--((($C$16:$C$35="All dates")+($C$16:$C$35=B83))>0)*($F$16:$F$35=FALSE)*($F$16:$F$35<>"")*--((($D$16:$D$35="Break")+($D$16:$D$35="Holiday"))>0),{1;2;4;8;16;32;64;128;256;512;1024;2048;4096;8192;16384;32768;65536;131072;262144;524288}),2))+16,0),baseStatus,IF(base=0,"",INDEX($F$16:$F$35,base-15)),singleRow,IFERROR(INT(LOG(SUMPRODUCT(($A$16:$A$35<>"")*($B$16:$B$35<>"")*(A83>=$A$16:$A$35)*(A83<=$B$16:$B$35)*--((($C$16:$C$35="All dates")+($C$16:$C$35=B83))>0)*($A$16:$A$35=$B$16:$B$35)*($F$16:$F$35=baseStatus),{1;2;4;8;16;32;64;128;256;512;1024;2048;4096;8192;16384;32768;65536;131072;262144;524288}),2))+16,0),IF(breakRow>0,breakRow,IF(singleRow>0,singleRow,base))) -> 0
A84: =A83+1 -> 46284 | B84: =TEXT(A84,"dddd") -> Saturday | C84: =IFERROR(INDEX($I$7:$I$13,MATCH(B84,$H$7:$H$13,0)),FALSE) -> FALSE | D84: =IF($Q84=0,"",INDEX($D$16:$D$35,$Q84-ROW($A$16)+1)) | E84: =IF($Q84=0,"",INDEX($E$16:$E$35,$Q84-ROW($A$16)+1)) | F84: =IF($Q84=0,"",INDEX($F$16:$F$35,$Q84-ROW($A$16)+1)) | G84: =IF($Q84=0,"",INDEX($G$16:$G$35,$Q84-ROW($A$16)+1)) | H84: =IF(F84="",C84,F84) -> FALSE | I84: =IF(H84,COUNTIF($H$44:H84,TRUE),"") | J84: =IFERROR(__xludf.DUMMYFUNCTION("IF(O84,LET(w,IFERROR(MATCH(N84,UNIQUE(FILTER($N$44:$N$408,$O$44:$O$408=TRUE)),0),""""),IF(OR(w="""",w>$B$6),"""",w)),"""")"),6.0) -> 6 | K84: =IF(J84="","","Term "&MIN($B$7,ROUNDUP(J84/$B$8,0))) -> Term 1 | L84: =IF(J84="","",MOD(J84-1,$B$8)+1) -> 6 | M84: =IF(J84="",FALSE,AND($B$9="Yes",MOD(J84,$B$8)=0)) -> FALSE | N84: =A84-WEEKDAY(A84,2)+1 -> 46279 | O84: =SUMPRODUCT(($N$44:$N$408=N84)*(WEEKDAY($A$44:$A$408,2)<=5)*--($H$44:$H$408=TRUE))>0 -> TRUE | Q84: =LET(base,IFERROR(INT(LOG(SUMPRODUCT(($A$16:$A$35<>"")*($B$16:$B$35<>"")*(A84>=$A$16:$A$35)*(A84<=$B$16:$B$35)*--((($C$16:$C$35="All dates")+($C$16:$C$35=B84))>0),{1;2;4;8;16;32;64;128;256;512;1024;2048;4096;8192;16384;32768;65536;131072;262144;524288}),2))+16,0),breakRow,IFERROR(INT(LOG(SUMPRODUCT(($A$16:$A$35<>"")*($B$16:$B$35<>"")*(A84>=$A$16:$A$35)*(A84<=$B$16:$B$35)*--((($C$16:$C$35="All dates")+($C$16:$C$35=B84))>0)*($F$16:$F$35=FALSE)*($F$16:$F$35<>"")*--((($D$16:$D$35="Break")+($D$16:$D$35="Holiday"))>0),{1;2;4;8;16;32;64;128;256;512;1024;2048;4096;8192;16384;32768;65536;131072;262144;524288}),2))+16,0),baseStatus,IF(base=0,"",INDEX($F$16:$F$35,base-15)),singleRow,IFERROR(INT(LOG(SUMPRODUCT(($A$16:$A$35<>"")*($B$16:$B$35<>"")*(A84>=$A$16:$A$35)*(A84<=$B$16:$B$35)*--((($C$16:$C$35="All dates")+($C$16:$C$35=B84))>0)*($A$16:$A$35=$B$16:$B$35)*($F$16:$F$35=baseStatus),{1;2;4;8;16;32;64;128;256;512;1024;2048;4096;8192;16384;32768;65536;131072;262144;524288}),2))+16,0),IF(breakRow>0,breakRow,IF(singleRow>0,singleRow,base))) -> 0
A85: =A84+1 -> 46285 | B85: =TEXT(A85,"dddd") -> Sunday | C85: =IFERROR(INDEX($I$7:$I$13,MATCH(B85,$H$7:$H$13,0)),FALSE) -> FALSE | D85: =IF($Q85=0,"",INDEX($D$16:$D$35,$Q85-ROW($A$16)+1)) | E85: =IF($Q85=0,"",INDEX($E$16:$E$35,$Q85-ROW($A$16)+1)) | F85: =IF($Q85=0,"",INDEX($F$16:$F$35,$Q85-ROW($A$16)+1)) | G85: =IF($Q85=0,"",INDEX($G$16:$G$35,$Q85-ROW($A$16)+1)) | H85: =IF(F85="",C85,F85) -> FALSE | I85: =IF(H85,COUNTIF($H$44:H85,TRUE),"") | J85: =IFERROR(__xludf.DUMMYFUNCTION("IF(O85,LET(w,IFERROR(MATCH(N85,UNIQUE(FILTER($N$44:$N$408,$O$44:$O$408=TRUE)),0),""""),IF(OR(w="""",w>$B$6),"""",w)),"""")"),6.0) -> 6 | K85: =IF(J85="","","Term "&MIN($B$7,ROUNDUP(J85/$B$8,0))) -> Term 1 | L85: =IF(J85="","",MOD(J85-1,$B$8)+1) -> 6 | M85: =IF(J85="",FALSE,AND($B$9="Yes",MOD(J85,$B$8)=0)) -> FALSE | N85: =A85-WEEKDAY(A85,2)+1 -> 46279 | O85: =SUMPRODUCT(($N$44:$N$408=N85)*(WEEKDAY($A$44:$A$408,2)<=5)*--($H$44:$H$408=TRUE))>0 -> TRUE | Q85: =LET(base,IFERROR(INT(LOG(SUMPRODUCT(($A$16:$A$35<>"")*($B$16:$B$35<>"")*(A85>=$A$16:$A$35)*(A85<=$B$16:$B$35)*--((($C$16:$C$35="All dates")+($C$16:$C$35=B85))>0),{1;2;4;8;16;32;64;128;256;512;1024;2048;4096;8192;16384;32768;65536;131072;262144;524288}),2))+16,0),breakRow,IFERROR(INT(LOG(SUMPRODUCT(($A$16:$A$35<>"")*($B$16:$B$35<>"")*(A85>=$A$16:$A$35)*(A85<=$B$16:$B$35)*--((($C$16:$C$35="All dates")+($C$16:$C$35=B85))>0)*($F$16:$F$35=FALSE)*($F$16:$F$35<>"")*--((($D$16:$D$35="Break")+($D$16:$D$35="Holiday"))>0),{1;2;4;8;16;32;64;128;256;512;1024;2048;4096;8192;16384;32768;65536;131072;262144;524288}),2))+16,0),baseStatus,IF(base=0,"",INDEX($F$16:$F$35,base-15)),singleRow,IFERROR(INT(LOG(SUMPRODUCT(($A$16:$A$35<>"")*($B$16:$B$35<>"")*(A85>=$A$16:$A$35)*(A85<=$B$16:$B$35)*--((($C$16:$C$35="All dates")+($C$16:$C$35=B85))>0)*($A$16:$A$35=$B$16:$B$35)*($F$16:$F$35=baseStatus),{1;2;4;8;16;32;64;128;256;512;1024;2048;4096;8192;16384;32768;65536;131072;262144;524288}),2))+16,0),IF(breakRow>0,breakRow,IF(singleRow>0,singleRow,base))) -> 0
A86: =A85+1 -> 46286 | B86: =TEXT(A86,"dddd") -> Monday | C86: =IFERROR(INDEX($I$7:$I$13,MATCH(B86,$H$7:$H$13,0)),FALSE) -> TRUE | D86: =IF($Q86=0,"",INDEX($D$16:$D$35,$Q86-ROW($A$16)+1)) | E86: =IF($Q86=0,"",INDEX($E$16:$E$35,$Q86-ROW($A$16)+1)) | F86: =IF($Q86=0,"",INDEX($F$16:$F$35,$Q86-ROW($A$16)+1)) | G86: =IF($Q86=0,"",INDEX($G$16:$G$35,$Q86-ROW($A$16)+1)) | H86: =IF(F86="",C86,F86) -> TRUE | I86: =IF(H86,COUNTIF($H$44:H86,TRUE),"") -> 31 | J86: =IFERROR(__xludf.DUMMYFUNCTION("IF(O86,LET(w,IFERROR(MATCH(N86,UNIQUE(FILTER($N$44:$N$408,$O$44:$O$408=TRUE)),0),""""),IF(OR(w="""",w>$B$6),"""",w)),"""")"),7.0) -> 7 | K86: =IF(J86="","","Term "&MIN($B$7,ROUNDUP(J86/$B$8,0))) -> Term 1 | L86: =IF(J86="","",MOD(J86-1,$B$8)+1) -> 7 | M86: =IF(J86="",FALSE,AND($B$9="Yes",MOD(J86,$B$8)=0)) -> FALSE | N86: =A86-WEEKDAY(A86,2)+1 -> 46286 | O86: =SUMPRODUCT(($N$44:$N$408=N86)*(WEEKDAY($A$44:$A$408,2)<=5)*--($H$44:$H$408=TRUE))>0 -> TRUE | Q86: =LET(base,IFERROR(INT(LOG(SUMPRODUCT(($A$16:$A$35<>"")*($B$16:$B$35<>"")*(A86>=$A$16:$A$35)*(A86<=$B$16:$B$35)*--((($C$16:$C$35="All dates")+($C$16:$C$35=B86))>0),{1;2;4;8;16;32;64;128;256;512;1024;2048;4096;8192;16384;32768;65536;131072;262144;524288}),2))+16,0),breakRow,IFERROR(INT(LOG(SUMPRODUCT(($A$16:$A$35<>"")*($B$16:$B$35<>"")*(A86>=$A$16:$A$35)*(A86<=$B$16:$B$35)*--((($C$16:$C$35="All dates")+($C$16:$C$35=B86))>0)*($F$16:$F$35=FALSE)*($F$16:$F$35<>"")*--((($D$16:$D$35="Break")+($D$16:$D$35="Holiday"))>0),{1;2;4;8;16;32;64;128;256;512;1024;2048;4096;8192;16384;32768;65536;131072;262144;524288}),2))+16,0),baseStatus,IF(base=0,"",INDEX($F$16:$F$35,base-15)),singleRow,IFERROR(INT(LOG(SUMPRODUCT(($A$16:$A$35<>"")*($B$16:$B$35<>"")*(A86>=$A$16:$A$35)*(A86<=$B$16:$B$35)*--((($C$16:$C$35="All dates")+($C$16:$C$35=B86))>0)*($A$16:$A$35=$B$16:$B$35)*($F$16:$F$35=baseStatus),{1;2;4;8;16;32;64;128;256;512;1024;2048;4096;8192;16384;32768;65536;131072;262144;524288}),2))+16,0),IF(breakRow>0,breakRow,IF(singleRow>0,singleRow,base))) -> 0
A87: =A86+1 -> 46287 | B87: =TEXT(A87,"dddd") -> Tuesday | C87: =IFERROR(INDEX($I$7:$I$13,MATCH(B87,$H$7:$H$13,0)),FALSE) -> TRUE | D87: =IF($Q87=0,"",INDEX($D$16:$D$35,$Q87-ROW($A$16)+1)) | E87: =IF($Q87=0,"",INDEX($E$16:$E$35,$Q87-ROW($A$16)+1)) | F87: =IF($Q87=0,"",INDEX($F$16:$F$35,$Q87-ROW($A$16)+1)) | G87: =IF($Q87=0,"",INDEX($G$16:$G$35,$Q87-ROW($A$16)+1)) | H87: =IF(F87="",C87,F87) -> TRUE | I87: =IF(H87,COUNTIF($H$44:H87,TRUE),"") -> 32 | J87: =IFERROR(__xludf.DUMMYFUNCTION("IF(O87,LET(w,IFERROR(MATCH(N87,UNIQUE(FILTER($N$44:$N$408,$O$44:$O$408=TRUE)),0),""""),IF(OR(w="""",w>$B$6),"""",w)),"""")"),7.0) -> 7 | K87: =IF(J87="","","Term "&MIN($B$7,ROUNDUP(J87/$B$8,0))) -> Term 1 | L87: =IF(J87="","",MOD(J87-1,$B$8)+1) -> 7 | M87: =IF(J87="",FALSE,AND($B$9="Yes",MOD(J87,$B$8)=0)) -> FALSE | N87: =A87-WEEKDAY(A87,2)+1 -> 46286 | O87: =SUMPRODUCT(($N$44:$N$408=N87)*(WEEKDAY($A$44:$A$408,2)<=5)*--($H$44:$H$408=TRUE))>0 -> TRUE | Q87: =LET(base,IFERROR(INT(LOG(SUMPRODUCT(($A$16:$A$35<>"")*($B$16:$B$35<>"")*(A87>=$A$16:$A$35)*(A87<=$B$16:$B$35)*--((($C$16:$C$35="All dates")+($C$16:$C$35=B87))>0),{1;2;4;8;16;32;64;128;256;512;1024;2048;4096;8192;16384;32768;65536;131072;262144;524288}),2))+16,0),breakRow,IFERROR(INT(LOG(SUMPRODUCT(($A$16:$A$35<>"")*($B$16:$B$35<>"")*(A87>=$A$16:$A$35)*(A87<=$B$16:$B$35)*--((($C$16:$C$35="All dates")+($C$16:$C$35=B87))>0)*($F$16:$F$35=FALSE)*($F$16:$F$35<>"")*--((($D$16:$D$35="Break")+($D$16:$D$35="Holiday"))>0),{1;2;4;8;16;32;64;128;256;512;1024;2048;4096;8192;16384;32768;65536;131072;262144;524288}),2))+16,0),baseStatus,IF(base=0,"",INDEX($F$16:$F$35,base-15)),singleRow,IFERROR(INT(LOG(SUMPRODUCT(($A$16:$A$35<>"")*($B$16:$B$35<>"")*(A87>=$A$16:$A$35)*(A87<=$B$16:$B$35)*--((($C$16:$C$35="All dates")+($C$16:$C$35=B87))>0)*($A$16:$A$35=$B$16:$B$35)*($F$16:$F$35=baseStatus),{1;2;4;8;16;32;64;128;256;512;1024;2048;4096;8192;16384;32768;65536;131072;262144;524288}),2))+16,0),IF(breakRow>0,breakRow,IF(singleRow>0,singleRow,base))) -> 0
A88: =A87+1 -> 46288 | B88: =TEXT(A88,"dddd") -> Wednesday | C88: =IFERROR(INDEX($I$7:$I$13,MATCH(B88,$H$7:$H$13,0)),FALSE) -> TRUE | D88: =IF($Q88=0,"",INDEX($D$16:$D$35,$Q88-ROW($A$16)+1)) | E88: =IF($Q88=0,"",INDEX($E$16:$E$35,$Q88-ROW($A$16)+1)) | F88: =IF($Q88=0,"",INDEX($F$16:$F$35,$Q88-ROW($A$16)+1)) | G88: =IF($Q88=0,"",INDEX($G$16:$G$35,$Q88-ROW($A$16)+1)) | H88: =IF(F88="",C88,F88) -> TRUE | I88: =IF(H88,COUNTIF($H$44:H88,TRUE),"") -> 33 | J88: =IFERROR(__xludf.DUMMYFUNCTION("IF(O88,LET(w,IFERROR(MATCH(N88,UNIQUE(FILTER($N$44:$N$408,$O$44:$O$408=TRUE)),0),""""),IF(OR(w="""",w>$B$6),"""",w)),"""")"),7.0) -> 7 | K88: =IF(J88="","","Term "&MIN($B$7,ROUNDUP(J88/$B$8,0))) -> Term 1 | L88: =IF(J88="","",MOD(J88-1,$B$8)+1) -> 7 | M88: =IF(J88="",FALSE,AND($B$9="Yes",MOD(J88,$B$8)=0)) -> FALSE | N88: =A88-WEEKDAY(A88,2)+1 -> 46286 | O88: =SUMPRODUCT(($N$44:$N$408=N88)*(WEEKDAY($A$44:$A$408,2)<=5)*--($H$44:$H$408=TRUE))>0 -> TRUE | Q88: =LET(base,IFERROR(INT(LOG(SUMPRODUCT(($A$16:$A$35<>"")*($B$16:$B$35<>"")*(A88>=$A$16:$A$35)*(A88<=$B$16:$B$35)*--((($C$16:$C$35="All dates")+($C$16:$C$35=B88))>0),{1;2;4;8;16;32;64;128;256;512;1024;2048;4096;8192;16384;32768;65536;131072;262144;524288}),2))+16,0),breakRow,IFERROR(INT(LOG(SUMPRODUCT(($A$16:$A$35<>"")*($B$16:$B$35<>"")*(A88>=$A$16:$A$35)*(A88<=$B$16:$B$35)*--((($C$16:$C$35="All dates")+($C$16:$C$35=B88))>0)*($F$16:$F$35=FALSE)*($F$16:$F$35<>"")*--((($D$16:$D$35="Break")+($D$16:$D$35="Holiday"))>0),{1;2;4;8;16;32;64;128;256;512;1024;2048;4096;8192;16384;32768;65536;131072;262144;524288}),2))+16,0),baseStatus,IF(base=0,"",INDEX($F$16:$F$35,base-15)),singleRow,IFERROR(INT(LOG(SUMPRODUCT(($A$16:$A$35<>"")*($B$16:$B$35<>"")*(A88>=$A$16:$A$35)*(A88<=$B$16:$B$35)*--((($C$16:$C$35="All dates")+($C$16:$C$35=B88))>0)*($A$16:$A$35=$B$16:$B$35)*($F$16:$F$35=baseStatus),{1;2;4;8;16;32;64;128;256;512;1024;2048;4096;8192;16384;32768;65536;131072;262144;524288}),2))+16,0),IF(breakRow>0,breakRow,IF(singleRow>0,singleRow,base))) -> 0
A89: =A88+1 -> 46289 | B89: =TEXT(A89,"dddd") -> Thursday | C89: =IFERROR(INDEX($I$7:$I$13,MATCH(B89,$H$7:$H$13,0)),FALSE) -> TRUE | D89: =IF($Q89=0,"",INDEX($D$16:$D$35,$Q89-ROW($A$16)+1)) | E89: =IF($Q89=0,"",INDEX($E$16:$E$35,$Q89-ROW($A$16)+1)) | F89: =IF($Q89=0,"",INDEX($F$16:$F$35,$Q89-ROW($A$16)+1)) | G89: =IF($Q89=0,"",INDEX($G$16:$G$35,$Q89-ROW($A$16)+1)) | H89: =IF(F89="",C89,F89) -> TRUE | I89: =IF(H89,COUNTIF($H$44:H89,TRUE),"") -> 34 | J89: =IFERROR(__xludf.DUMMYFUNCTION("IF(O89,LET(w,IFERROR(MATCH(N89,UNIQUE(FILTER($N$44:$N$408,$O$44:$O$408=TRUE)),0),""""),IF(OR(w="""",w>$B$6),"""",w)),"""")"),7.0) -> 7 | K89: =IF(J89="","","Term "&MIN($B$7,ROUNDUP(J89/$B$8,0))) -> Term 1 | L89: =IF(J89="","",MOD(J89-1,$B$8)+1) -> 7 | M89: =IF(J89="",FALSE,AND($B$9="Yes",MOD(J89,$B$8)=0)) -> FALSE | N89: =A89-WEEKDAY(A89,2)+1 -> 46286 | O89: =SUMPRODUCT(($N$44:$N$408=N89)*(WEEKDAY($A$44:$A$408,2)<=5)*--($H$44:$H$408=TRUE))>0 -> TRUE | Q89: =LET(base,IFERROR(INT(LOG(SUMPRODUCT(($A$16:$A$35<>"")*($B$16:$B$35<>"")*(A89>=$A$16:$A$35)*(A89<=$B$16:$B$35)*--((($C$16:$C$35="All dates")+($C$16:$C$35=B89))>0),{1;2;4;8;16;32;64;128;256;512;1024;2048;4096;8192;16384;32768;65536;131072;262144;524288}),2))+16,0),breakRow,IFERROR(INT(LOG(SUMPRODUCT(($A$16:$A$35<>"")*($B$16:$B$35<>"")*(A89>=$A$16:$A$35)*(A89<=$B$16:$B$35)*--((($C$16:$C$35="All dates")+($C$16:$C$35=B89))>0)*($F$16:$F$35=FALSE)*($F$16:$F$35<>"")*--((($D$16:$D$35="Break")+($D$16:$D$35="Holiday"))>0),{1;2;4;8;16;32;64;128;256;512;1024;2048;4096;8192;16384;32768;65536;131072;262144;524288}),2))+16,0),baseStatus,IF(base=0,"",INDEX($F$16:$F$35,base-15)),singleRow,IFERROR(INT(LOG(SUMPRODUCT(($A$16:$A$35<>"")*($B$16:$B$35<>"")*(A89>=$A$16:$A$35)*(A89<=$B$16:$B$35)*--((($C$16:$C$35="All dates")+($C$16:$C$35=B89))>0)*($A$16:$A$35=$B$16:$B$35)*($F$16:$F$35=baseStatus),{1;2;4;8;16;32;64;128;256;512;1024;2048;4096;8192;16384;32768;65536;131072;262144;524288}),2))+16,0),IF(breakRow>0,breakRow,IF(singleRow>0,singleRow,base))) -> 0
A90: =A89+1 -> 46290 | B90: =TEXT(A90,"dddd") -> Friday | C90: =IFERROR(INDEX($I$7:$I$13,MATCH(B90,$H$7:$H$13,0)),FALSE) -> TRUE | D90: =IF($Q90=0,"",INDEX($D$16:$D$35,$Q90-ROW($A$16)+1)) | E90: =IF($Q90=0,"",INDEX($E$16:$E$35,$Q90-ROW($A$16)+1)) | F90: =IF($Q90=0,"",INDEX($F$16:$F$35,$Q90-ROW($A$16)+1)) | G90: =IF($Q90=0,"",INDEX($G$16:$G$35,$Q90-ROW($A$16)+1)) | H90: =IF(F90="",C90,F90) -> TRUE | I90: =IF(H90,COUNTIF($H$44:H90,TRUE),"") -> 35 | J90: =IFERROR(__xludf.DUMMYFUNCTION("IF(O90,LET(w,IFERROR(MATCH(N90,UNIQUE(FILTER($N$44:$N$408,$O$44:$O$408=TRUE)),0),""""),IF(OR(w="""",w>$B$6),"""",w)),"""")"),7.0) -> 7 | K90: =IF(J90="","","Term "&MIN($B$7,ROUNDUP(J90/$B$8,0))) -> Term 1 | L90: =IF(J90="","",MOD(J90-1,$B$8)+1) -> 7 | M90: =IF(J90="",FALSE,AND($B$9="Yes",MOD(J90,$B$8)=0)) -> FALSE | N90: =A90-WEEKDAY(A90,2)+1 -> 46286 | O90: =SUMPRODUCT(($N$44:$N$408=N90)*(WEEKDAY($A$44:$A$408,2)<=5)*--($H$44:$H$408=TRUE))>0 -> TRUE | Q90: =LET(base,IFERROR(INT(LOG(SUMPRODUCT(($A$16:$A$35<>"")*($B$16:$B$35<>"")*(A90>=$A$16:$A$35)*(A90<=$B$16:$B$35)*--((($C$16:$C$35="All dates")+($C$16:$C$35=B90))>0),{1;2;4;8;16;32;64;128;256;512;1024;2048;4096;8192;16384;32768;65536;131072;262144;524288}),2))+16,0),breakRow,IFERROR(INT(LOG(SUMPRODUCT(($A$16:$A$35<>"")*($B$16:$B$35<>"")*(A90>=$A$16:$A$35)*(A90<=$B$16:$B$35)*--((($C$16:$C$35="All dates")+($C$16:$C$35=B90))>0)*($F$16:$F$35=FALSE)*($F$16:$F$35<>"")*--((($D$16:$D$35="Break")+($D$16:$D$35="Holiday"))>0),{1;2;4;8;16;32;64;128;256;512;1024;2048;4096;8192;16384;32768;65536;131072;262144;524288}),2))+16,0),baseStatus,IF(base=0,"",INDEX($F$16:$F$35,base-15)),singleRow,IFERROR(INT(LOG(SUMPRODUCT(($A$16:$A$35<>"")*($B$16:$B$35<>"")*(A90>=$A$16:$A$35)*(A90<=$B$16:$B$35)*--((($C$16:$C$35="All dates")+($C$16:$C$35=B90))>0)*($A$16:$A$35=$B$16:$B$35)*($F$16:$F$35=baseStatus),{1;2;4;8;16;32;64;128;256;512;1024;2048;4096;8192;16384;32768;65536;131072;262144;524288}),2))+16,0),IF(breakRow>0,breakRow,IF(singleRow>0,singleRow,base))) -> 0
A91: =A90+1 -> 46291 | B91: =TEXT(A91,"dddd") -> Saturday | C91: =IFERROR(INDEX($I$7:$I$13,MATCH(B91,$H$7:$H$13,0)),FALSE) -> FALSE | D91: =IF($Q91=0,"",INDEX($D$16:$D$35,$Q91-ROW($A$16)+1)) | E91: =IF($Q91=0,"",INDEX($E$16:$E$35,$Q91-ROW($A$16)+1)) | F91: =IF($Q91=0,"",INDEX($F$16:$F$35,$Q91-ROW($A$16)+1)) | G91: =IF($Q91=0,"",INDEX($G$16:$G$35,$Q91-ROW($A$16)+1)) | H91: =IF(F91="",C91,F91) -> FALSE | I91: =IF(H91,COUNTIF($H$44:H91,TRUE),"") | J91: =IFERROR(__xludf.DUMMYFUNCTION("IF(O91,LET(w,IFERROR(MATCH(N91,UNIQUE(FILTER($N$44:$N$408,$O$44:$O$408=TRUE)),0),""""),IF(OR(w="""",w>$B$6),"""",w)),"""")"),7.0) -> 7 | K91: =IF(J91="","","Term "&MIN($B$7,ROUNDUP(J91/$B$8,0))) -> Term 1 | L91: =IF(J91="","",MOD(J91-1,$B$8)+1) -> 7 | M91: =IF(J91="",FALSE,AND($B$9="Yes",MOD(J91,$B$8)=0)) -> FALSE | N91: =A91-WEEKDAY(A91,2)+1 -> 46286 | O91: =SUMPRODUCT(($N$44:$N$408=N91)*(WEEKDAY($A$44:$A$408,2)<=5)*--($H$44:$H$408=TRUE))>0 -> TRUE | Q91: =LET(base,IFERROR(INT(LOG(SUMPRODUCT(($A$16:$A$35<>"")*($B$16:$B$35<>"")*(A91>=$A$16:$A$35)*(A91<=$B$16:$B$35)*--((($C$16:$C$35="All dates")+($C$16:$C$35=B91))>0),{1;2;4;8;16;32;64;128;256;512;1024;2048;4096;8192;16384;32768;65536;131072;262144;524288}),2))+16,0),breakRow,IFERROR(INT(LOG(SUMPRODUCT(($A$16:$A$35<>"")*($B$16:$B$35<>"")*(A91>=$A$16:$A$35)*(A91<=$B$16:$B$35)*--((($C$16:$C$35="All dates")+($C$16:$C$35=B91))>0)*($F$16:$F$35=FALSE)*($F$16:$F$35<>"")*--((($D$16:$D$35="Break")+($D$16:$D$35="Holiday"))>0),{1;2;4;8;16;32;64;128;256;512;1024;2048;4096;8192;16384;32768;65536;131072;262144;524288}),2))+16,0),baseStatus,IF(base=0,"",INDEX($F$16:$F$35,base-15)),singleRow,IFERROR(INT(LOG(SUMPRODUCT(($A$16:$A$35<>"")*($B$16:$B$35<>"")*(A91>=$A$16:$A$35)*(A91<=$B$16:$B$35)*--((($C$16:$C$35="All dates")+($C$16:$C$35=B91))>0)*($A$16:$A$35=$B$16:$B$35)*($F$16:$F$35=baseStatus),{1;2;4;8;16;32;64;128;256;512;1024;2048;4096;8192;16384;32768;65536;131072;262144;524288}),2))+16,0),IF(breakRow>0,breakRow,IF(singleRow>0,singleRow,base))) -> 0
A92: =A91+1 -> 46292 | B92: =TEXT(A92,"dddd") -> Sunday | C92: =IFERROR(INDEX($I$7:$I$13,MATCH(B92,$H$7:$H$13,0)),FALSE) -> FALSE | D92: =IF($Q92=0,"",INDEX($D$16:$D$35,$Q92-ROW($A$16)+1)) | E92: =IF($Q92=0,"",INDEX($E$16:$E$35,$Q92-ROW($A$16)+1)) | F92: =IF($Q92=0,"",INDEX($F$16:$F$35,$Q92-ROW($A$16)+1)) | G92: =IF($Q92=0,"",INDEX($G$16:$G$35,$Q92-ROW($A$16)+1)) | H92: =IF(F92="",C92,F92) -> FALSE | I92: =IF(H92,COUNTIF($H$44:H92,TRUE),"") | J92: =IFERROR(__xludf.DUMMYFUNCTION("IF(O92,LET(w,IFERROR(MATCH(N92,UNIQUE(FILTER($N$44:$N$408,$O$44:$O$408=TRUE)),0),""""),IF(OR(w="""",w>$B$6),"""",w)),"""")"),7.0) -> 7 | K92: =IF(J92="","","Term "&MIN($B$7,ROUNDUP(J92/$B$8,0))) -> Term 1 | L92: =IF(J92="","",MOD(J92-1,$B$8)+1) -> 7 | M92: =IF(J92="",FALSE,AND($B$9="Yes",MOD(J92,$B$8)=0)) -> FALSE | N92: =A92-WEEKDAY(A92,2)+1 -> 46286 | O92: =SUMPRODUCT(($N$44:$N$408=N92)*(WEEKDAY($A$44:$A$408,2)<=5)*--($H$44:$H$408=TRUE))>0 -> TRUE | Q92: =LET(base,IFERROR(INT(LOG(SUMPRODUCT(($A$16:$A$35<>"")*($B$16:$B$35<>"")*(A92>=$A$16:$A$35)*(A92<=$B$16:$B$35)*--((($C$16:$C$35="All dates")+($C$16:$C$35=B92))>0),{1;2;4;8;16;32;64;128;256;512;1024;2048;4096;8192;16384;32768;65536;131072;262144;524288}),2))+16,0),breakRow,IFERROR(INT(LOG(SUMPRODUCT(($A$16:$A$35<>"")*($B$16:$B$35<>"")*(A92>=$A$16:$A$35)*(A92<=$B$16:$B$35)*--((($C$16:$C$35="All dates")+($C$16:$C$35=B92))>0)*($F$16:$F$35=FALSE)*($F$16:$F$35<>"")*--((($D$16:$D$35="Break")+($D$16:$D$35="Holiday"))>0),{1;2;4;8;16;32;64;128;256;512;1024;2048;4096;8192;16384;32768;65536;131072;262144;524288}),2))+16,0),baseStatus,IF(base=0,"",INDEX($F$16:$F$35,base-15)),singleRow,IFERROR(INT(LOG(SUMPRODUCT(($A$16:$A$35<>"")*($B$16:$B$35<>"")*(A92>=$A$16:$A$35)*(A92<=$B$16:$B$35)*--((($C$16:$C$35="All dates")+($C$16:$C$35=B92))>0)*($A$16:$A$35=$B$16:$B$35)*($F$16:$F$35=baseStatus),{1;2;4;8;16;32;64;128;256;512;1024;2048;4096;8192;16384;32768;65536;131072;262144;524288}),2))+16,0),IF(breakRow>0,breakRow,IF(singleRow>0,singleRow,base))) -> 0
A93: =A92+1 -> 46293 | B93: =TEXT(A93,"dddd") -> Monday | C93: =IFERROR(INDEX($I$7:$I$13,MATCH(B93,$H$7:$H$13,0)),FALSE) -> TRUE | D93: =IF($Q93=0,"",INDEX($D$16:$D$35,$Q93-ROW($A$16)+1)) | E93: =IF($Q93=0,"",INDEX($E$16:$E$35,$Q93-ROW($A$16)+1)) | F93: =IF($Q93=0,"",INDEX($F$16:$F$35,$Q93-ROW($A$16)+1)) | G93: =IF($Q93=0,"",INDEX($G$16:$G$35,$Q93-ROW($A$16)+1)) | H93: =IF(F93="",C93,F93) -> TRUE | I93: =IF(H93,COUNTIF($H$44:H93,TRUE),"") -> 36 | J93: =IFERROR(__xludf.DUMMYFUNCTION("IF(O93,LET(w,IFERROR(MATCH(N93,UNIQUE(FILTER($N$44:$N$408,$O$44:$O$408=TRUE)),0),""""),IF(OR(w="""",w>$B$6),"""",w)),"""")"),8.0) -> 8 | K93: =IF(J93="","","Term "&MIN($B$7,ROUNDUP(J93/$B$8,0))) -> Term 1 | L93: =IF(J93="","",MOD(J93-1,$B$8)+1) -> 8 | M93: =IF(J93="",FALSE,AND($B$9="Yes",MOD(J93,$B$8)=0)) -> FALSE | N93: =A93-WEEKDAY(A93,2)+1 -> 46293 | O93: =SUMPRODUCT(($N$44:$N$408=N93)*(WEEKDAY($A$44:$A$408,2)<=5)*--($H$44:$H$408=TRUE))>0 -> TRUE | Q93: =LET(base,IFERROR(INT(LOG(SUMPRODUCT(($A$16:$A$35<>"")*($B$16:$B$35<>"")*(A93>=$A$16:$A$35)*(A93<=$B$16:$B$35)*--((($C$16:$C$35="All dates")+($C$16:$C$35=B93))>0),{1;2;4;8;16;32;64;128;256;512;1024;2048;4096;8192;16384;32768;65536;131072;262144;524288}),2))+16,0),breakRow,IFERROR(INT(LOG(SUMPRODUCT(($A$16:$A$35<>"")*($B$16:$B$35<>"")*(A93>=$A$16:$A$35)*(A93<=$B$16:$B$35)*--((($C$16:$C$35="All dates")+($C$16:$C$35=B93))>0)*($F$16:$F$35=FALSE)*($F$16:$F$35<>"")*--((($D$16:$D$35="Break")+($D$16:$D$35="Holiday"))>0),{1;2;4;8;16;32;64;128;256;512;1024;2048;4096;8192;16384;32768;65536;131072;262144;524288}),2))+16,0),baseStatus,IF(base=0,"",INDEX($F$16:$F$35,base-15)),singleRow,IFERROR(INT(LOG(SUMPRODUCT(($A$16:$A$35<>"")*($B$16:$B$35<>"")*(A93>=$A$16:$A$35)*(A93<=$B$16:$B$35)*--((($C$16:$C$35="All dates")+($C$16:$C$35=B93))>0)*($A$16:$A$35=$B$16:$B$35)*($F$16:$F$35=baseStatus),{1;2;4;8;16;32;64;128;256;512;1024;2048;4096;8192;16384;32768;65536;131072;262144;524288}),2))+16,0),IF(breakRow>0,breakRow,IF(singleRow>0,singleRow,base))) -> 0
A94: =A93+1 -> 46294 | B94: =TEXT(A94,"dddd") -> Tuesday | C94: =IFERROR(INDEX($I$7:$I$13,MATCH(B94,$H$7:$H$13,0)),FALSE) -> TRUE | D94: =IF($Q94=0,"",INDEX($D$16:$D$35,$Q94-ROW($A$16)+1)) | E94: =IF($Q94=0,"",INDEX($E$16:$E$35,$Q94-ROW($A$16)+1)) | F94: =IF($Q94=0,"",INDEX($F$16:$F$35,$Q94-ROW($A$16)+1)) | G94: =IF($Q94=0,"",INDEX($G$16:$G$35,$Q94-ROW($A$16)+1)) | H94: =IF(F94="",C94,F94) -> TRUE | I94: =IF(H94,COUNTIF($H$44:H94,TRUE),"") -> 37 | J94: =IFERROR(__xludf.DUMMYFUNCTION("IF(O94,LET(w,IFERROR(MATCH(N94,UNIQUE(FILTER($N$44:$N$408,$O$44:$O$408=TRUE)),0),""""),IF(OR(w="""",w>$B$6),"""",w)),"""")"),8.0) -> 8 | K94: =IF(J94="","","Term "&MIN($B$7,ROUNDUP(J94/$B$8,0))) -> Term 1 | L94: =IF(J94="","",MOD(J94-1,$B$8)+1) -> 8 | M94: =IF(J94="",FALSE,AND($B$9="Yes",MOD(J94,$B$8)=0)) -> FALSE | N94: =A94-WEEKDAY(A94,2)+1 -> 46293 | O94: =SUMPRODUCT(($N$44:$N$408=N94)*(WEEKDAY($A$44:$A$408,2)<=5)*--($H$44:$H$408=TRUE))>0 -> TRUE | Q94: =LET(base,IFERROR(INT(LOG(SUMPRODUCT(($A$16:$A$35<>"")*($B$16:$B$35<>"")*(A94>=$A$16:$A$35)*(A94<=$B$16:$B$35)*--((($C$16:$C$35="All dates")+($C$16:$C$35=B94))>0),{1;2;4;8;16;32;64;128;256;512;1024;2048;4096;8192;16384;32768;65536;131072;262144;524288}),2))+16,0),breakRow,IFERROR(INT(LOG(SUMPRODUCT(($A$16:$A$35<>"")*($B$16:$B$35<>"")*(A94>=$A$16:$A$35)*(A94<=$B$16:$B$35)*--((($C$16:$C$35="All dates")+($C$16:$C$35=B94))>0)*($F$16:$F$35=FALSE)*($F$16:$F$35<>"")*--((($D$16:$D$35="Break")+($D$16:$D$35="Holiday"))>0),{1;2;4;8;16;32;64;128;256;512;1024;2048;4096;8192;16384;32768;65536;131072;262144;524288}),2))+16,0),baseStatus,IF(base=0,"",INDEX($F$16:$F$35,base-15)),singleRow,IFERROR(INT(LOG(SUMPRODUCT(($A$16:$A$35<>"")*($B$16:$B$35<>"")*(A94>=$A$16:$A$35)*(A94<=$B$16:$B$35)*--((($C$16:$C$35="All dates")+($C$16:$C$35=B94))>0)*($A$16:$A$35=$B$16:$B$35)*($F$16:$F$35=baseStatus),{1;2;4;8;16;32;64;128;256;512;1024;2048;4096;8192;16384;32768;65536;131072;262144;524288}),2))+16,0),IF(breakRow>0,breakRow,IF(singleRow>0,singleRow,base))) -> 0
A95: =A94+1 -> 46295 | B95: =TEXT(A95,"dddd") -> Wednesday | C95: =IFERROR(INDEX($I$7:$I$13,MATCH(B95,$H$7:$H$13,0)),FALSE) -> TRUE | D95: =IF($Q95=0,"",INDEX($D$16:$D$35,$Q95-ROW($A$16)+1)) | E95: =IF($Q95=0,"",INDEX($E$16:$E$35,$Q95-ROW($A$16)+1)) | F95: =IF($Q95=0,"",INDEX($F$16:$F$35,$Q95-ROW($A$16)+1)) | G95: =IF($Q95=0,"",INDEX($G$16:$G$35,$Q95-ROW($A$16)+1)) | H95: =IF(F95="",C95,F95) -> TRUE | I95: =IF(H95,COUNTIF($H$44:H95,TRUE),"") -> 38 | J95: =IFERROR(__xludf.DUMMYFUNCTION("IF(O95,LET(w,IFERROR(MATCH(N95,UNIQUE(FILTER($N$44:$N$408,$O$44:$O$408=TRUE)),0),""""),IF(OR(w="""",w>$B$6),"""",w)),"""")"),8.0) -> 8 | K95: =IF(J95="","","Term "&MIN($B$7,ROUNDUP(J95/$B$8,0))) -> Term 1 | L95: =IF(J95="","",MOD(J95-1,$B$8)+1) -> 8 | M95: =IF(J95="",FALSE,AND($B$9="Yes",MOD(J95,$B$8)=0)) -> FALSE | N95: =A95-WEEKDAY(A95,2)+1 -> 46293 | O95: =SUMPRODUCT(($N$44:$N$408=N95)*(WEEKDAY($A$44:$A$408,2)<=5)*--($H$44:$H$408=TRUE))>0 -> TRUE | Q95: =LET(base,IFERROR(INT(LOG(SUMPRODUCT(($A$16:$A$35<>"")*($B$16:$B$35<>"")*(A95>=$A$16:$A$35)*(A95<=$B$16:$B$35)*--((($C$16:$C$35="All dates")+($C$16:$C$35=B95))>0),{1;2;4;8;16;32;64;128;256;512;1024;2048;4096;8192;16384;32768;65536;131072;262144;524288}),2))+16,0),breakRow,IFERROR(INT(LOG(SUMPRODUCT(($A$16:$A$35<>"")*($B$16:$B$35<>"")*(A95>=$A$16:$A$35)*(A95<=$B$16:$B$35)*--((($C$16:$C$35="All dates")+($C$16:$C$35=B95))>0)*($F$16:$F$35=FALSE)*($F$16:$F$35<>"")*--((($D$16:$D$35="Break")+($D$16:$D$35="Holiday"))>0),{1;2;4;8;16;32;64;128;256;512;1024;2048;4096;8192;16384;32768;65536;131072;262144;524288}),2))+16,0),baseStatus,IF(base=0,"",INDEX($F$16:$F$35,base-15)),singleRow,IFERROR(INT(LOG(SUMPRODUCT(($A$16:$A$35<>"")*($B$16:$B$35<>"")*(A95>=$A$16:$A$35)*(A95<=$B$16:$B$35)*--((($C$16:$C$35="All dates")+($C$16:$C$35=B95))>0)*($A$16:$A$35=$B$16:$B$35)*($F$16:$F$35=baseStatus),{1;2;4;8;16;32;64;128;256;512;1024;2048;4096;8192;16384;32768;65536;131072;262144;524288}),2))+16,0),IF(breakRow>0,breakRow,IF(singleRow>0,singleRow,base))) -> 0
A96: =A95+1 -> 46296 | B96: =TEXT(A96,"dddd") -> Thursday | C96: =IFERROR(INDEX($I$7:$I$13,MATCH(B96,$H$7:$H$13,0)),FALSE) -> TRUE | D96: =IF($Q96=0,"",INDEX($D$16:$D$35,$Q96-ROW($A$16)+1)) | E96: =IF($Q96=0,"",INDEX($E$16:$E$35,$Q96-ROW($A$16)+1)) | F96: =IF($Q96=0,"",INDEX($F$16:$F$35,$Q96-ROW($A$16)+1)) | G96: =IF($Q96=0,"",INDEX($G$16:$G$35,$Q96-ROW($A$16)+1)) | H96: =IF(F96="",C96,F96) -> TRUE | I96: =IF(H96,COUNTIF($H$44:H96,TRUE),"") -> 39 | J96: =IFERROR(__xludf.DUMMYFUNCTION("IF(O96,LET(w,IFERROR(MATCH(N96,UNIQUE(FILTER($N$44:$N$408,$O$44:$O$408=TRUE)),0),""""),IF(OR(w="""",w>$B$6),"""",w)),"""")"),8.0) -> 8 | K96: =IF(J96="","","Term "&MIN($B$7,ROUNDUP(J96/$B$8,0))) -> Term 1 | L96: =IF(J96="","",MOD(J96-1,$B$8)+1) -> 8 | M96: =IF(J96="",FALSE,AND($B$9="Yes",MOD(J96,$B$8)=0)) -> FALSE | N96: =A96-WEEKDAY(A96,2)+1 -> 46293 | O96: =SUMPRODUCT(($N$44:$N$408=N96)*(WEEKDAY($A$44:$A$408,2)<=5)*--($H$44:$H$408=TRUE))>0 -> TRUE | Q96: =LET(base,IFERROR(INT(LOG(SUMPRODUCT(($A$16:$A$35<>"")*($B$16:$B$35<>"")*(A96>=$A$16:$A$35)*(A96<=$B$16:$B$35)*--((($C$16:$C$35="All dates")+($C$16:$C$35=B96))>0),{1;2;4;8;16;32;64;128;256;512;1024;2048;4096;8192;16384;32768;65536;131072;262144;524288}),2))+16,0),breakRow,IFERROR(INT(LOG(SUMPRODUCT(($A$16:$A$35<>"")*($B$16:$B$35<>"")*(A96>=$A$16:$A$35)*(A96<=$B$16:$B$35)*--((($C$16:$C$35="All dates")+($C$16:$C$35=B96))>0)*($F$16:$F$35=FALSE)*($F$16:$F$35<>"")*--((($D$16:$D$35="Break")+($D$16:$D$35="Holiday"))>0),{1;2;4;8;16;32;64;128;256;512;1024;2048;4096;8192;16384;32768;65536;131072;262144;524288}),2))+16,0),baseStatus,IF(base=0,"",INDEX($F$16:$F$35,base-15)),singleRow,IFERROR(INT(LOG(SUMPRODUCT(($A$16:$A$35<>"")*($B$16:$B$35<>"")*(A96>=$A$16:$A$35)*(A96<=$B$16:$B$35)*--((($C$16:$C$35="All dates")+($C$16:$C$35=B96))>0)*($A$16:$A$35=$B$16:$B$35)*($F$16:$F$35=baseStatus),{1;2;4;8;16;32;64;128;256;512;1024;2048;4096;8192;16384;32768;65536;131072;262144;524288}),2))+16,0),IF(breakRow>0,breakRow,IF(singleRow>0,singleRow,base))) -> 0
A97: =A96+1 -> 46297 | B97: =TEXT(A97,"dddd") -> Friday | C97: =IFERROR(INDEX($I$7:$I$13,MATCH(B97,$H$7:$H$13,0)),FALSE) -> TRUE | D97: =IF($Q97=0,"",INDEX($D$16:$D$35,$Q97-ROW($A$16)+1)) | E97: =IF($Q97=0,"",INDEX($E$16:$E$35,$Q97-ROW($A$16)+1)) | F97: =IF($Q97=0,"",INDEX($F$16:$F$35,$Q97-ROW($A$16)+1)) | G97: =IF($Q97=0,"",INDEX($G$16:$G$35,$Q97-ROW($A$16)+1)) | H97: =IF(F97="",C97,F97) -> TRUE | I97: =IF(H97,COUNTIF($H$44:H97,TRUE),"") -> 40 | J97: =IFERROR(__xludf.DUMMYFUNCTION("IF(O97,LET(w,IFERROR(MATCH(N97,UNIQUE(FILTER($N$44:$N$408,$O$44:$O$408=TRUE)),0),""""),IF(OR(w="""",w>$B$6),"""",w)),"""")"),8.0) -> 8 | K97: =IF(J97="","","Term "&MIN($B$7,ROUNDUP(J97/$B$8,0))) -> Term 1 | L97: =IF(J97="","",MOD(J97-1,$B$8)+1) -> 8 | M97: =IF(J97="",FALSE,AND($B$9="Yes",MOD(J97,$B$8)=0)) -> FALSE | N97: =A97-WEEKDAY(A97,2)+1 -> 46293 | O97: =SUMPRODUCT(($N$44:$N$408=N97)*(WEEKDAY($A$44:$A$408,2)<=5)*--($H$44:$H$408=TRUE))>0 -> TRUE | Q97: =LET(base,IFERROR(INT(LOG(SUMPRODUCT(($A$16:$A$35<>"")*($B$16:$B$35<>"")*(A97>=$A$16:$A$35)*(A97<=$B$16:$B$35)*--((($C$16:$C$35="All dates")+($C$16:$C$35=B97))>0),{1;2;4;8;16;32;64;128;256;512;1024;2048;4096;8192;16384;32768;65536;131072;262144;524288}),2))+16,0),breakRow,IFERROR(INT(LOG(SUMPRODUCT(($A$16:$A$35<>"")*($B$16:$B$35<>"")*(A97>=$A$16:$A$35)*(A97<=$B$16:$B$35)*--((($C$16:$C$35="All dates")+($C$16:$C$35=B97))>0)*($F$16:$F$35=FALSE)*($F$16:$F$35<>"")*--((($D$16:$D$35="Break")+($D$16:$D$35="Holiday"))>0),{1;2;4;8;16;32;64;128;256;512;1024;2048;4096;8192;16384;32768;65536;131072;262144;524288}),2))+16,0),baseStatus,IF(base=0,"",INDEX($F$16:$F$35,base-15)),singleRow,IFERROR(INT(LOG(SUMPRODUCT(($A$16:$A$35<>"")*($B$16:$B$35<>"")*(A97>=$A$16:$A$35)*(A97<=$B$16:$B$35)*--((($C$16:$C$35="All dates")+($C$16:$C$35=B97))>0)*($A$16:$A$35=$B$16:$B$35)*($F$16:$F$35=baseStatus),{1;2;4;8;16;32;64;128;256;512;1024;2048;4096;8192;16384;32768;65536;131072;262144;524288}),2))+16,0),IF(breakRow>0,breakRow,IF(singleRow>0,singleRow,base))) -> 0
A98: =A97+1 -> 46298 | B98: =TEXT(A98,"dddd") -> Saturday | C98: =IFERROR(INDEX($I$7:$I$13,MATCH(B98,$H$7:$H$13,0)),FALSE) -> FALSE | D98: =IF($Q98=0,"",INDEX($D$16:$D$35,$Q98-ROW($A$16)+1)) | E98: =IF($Q98=0,"",INDEX($E$16:$E$35,$Q98-ROW($A$16)+1)) | F98: =IF($Q98=0,"",INDEX($F$16:$F$35,$Q98-ROW($A$16)+1)) | G98: =IF($Q98=0,"",INDEX($G$16:$G$35,$Q98-ROW($A$16)+1)) | H98: =IF(F98="",C98,F98) -> FALSE | I98: =IF(H98,COUNTIF($H$44:H98,TRUE),"") | J98: =IFERROR(__xludf.DUMMYFUNCTION("IF(O98,LET(w,IFERROR(MATCH(N98,UNIQUE(FILTER($N$44:$N$408,$O$44:$O$408=TRUE)),0),""""),IF(OR(w="""",w>$B$6),"""",w)),"""")"),8.0) -> 8 | K98: =IF(J98="","","Term "&MIN($B$7,ROUNDUP(J98/$B$8,0))) -> Term 1 | L98: =IF(J98="","",MOD(J98-1,$B$8)+1) -> 8 | M98: =IF(J98="",FALSE,AND($B$9="Yes",MOD(J98,$B$8)=0)) -> FALSE | N98: =A98-WEEKDAY(A98,2)+1 -> 46293 | O98: =SUMPRODUCT(($N$44:$N$408=N98)*(WEEKDAY($A$44:$A$408,2)<=5)*--($H$44:$H$408=TRUE))>0 -> TRUE | Q98: =LET(base,IFERROR(INT(LOG(SUMPRODUCT(($A$16:$A$35<>"")*($B$16:$B$35<>"")*(A98>=$A$16:$A$35)*(A98<=$B$16:$B$35)*--((($C$16:$C$35="All dates")+($C$16:$C$35=B98))>0),{1;2;4;8;16;32;64;128;256;512;1024;2048;4096;8192;16384;32768;65536;131072;262144;524288}),2))+16,0),breakRow,IFERROR(INT(LOG(SUMPRODUCT(($A$16:$A$35<>"")*($B$16:$B$35<>"")*(A98>=$A$16:$A$35)*(A98<=$B$16:$B$35)*--((($C$16:$C$35="All dates")+($C$16:$C$35=B98))>0)*($F$16:$F$35=FALSE)*($F$16:$F$35<>"")*--((($D$16:$D$35="Break")+($D$16:$D$35="Holiday"))>0),{1;2;4;8;16;32;64;128;256;512;1024;2048;4096;8192;16384;32768;65536;131072;262144;524288}),2))+16,0),baseStatus,IF(base=0,"",INDEX($F$16:$F$35,base-15)),singleRow,IFERROR(INT(LOG(SUMPRODUCT(($A$16:$A$35<>"")*($B$16:$B$35<>"")*(A98>=$A$16:$A$35)*(A98<=$B$16:$B$35)*--((($C$16:$C$35="All dates")+($C$16:$C$35=B98))>0)*($A$16:$A$35=$B$16:$B$35)*($F$16:$F$35=baseStatus),{1;2;4;8;16;32;64;128;256;512;1024;2048;4096;8192;16384;32768;65536;131072;262144;524288}),2))+16,0),IF(breakRow>0,breakRow,IF(singleRow>0,singleRow,base))) -> 0
A99: =A98+1 -> 46299 | B99: =TEXT(A99,"dddd") -> Sunday | C99: =IFERROR(INDEX($I$7:$I$13,MATCH(B99,$H$7:$H$13,0)),FALSE) -> FALSE | D99: =IF($Q99=0,"",INDEX($D$16:$D$35,$Q99-ROW($A$16)+1)) | E99: =IF($Q99=0,"",INDEX($E$16:$E$35,$Q99-ROW($A$16)+1)) | F99: =IF($Q99=0,"",INDEX($F$16:$F$35,$Q99-ROW($A$16)+1)) | G99: =IF($Q99=0,"",INDEX($G$16:$G$35,$Q99-ROW($A$16)+1)) | H99: =IF(F99="",C99,F99) -> FALSE | I99: =IF(H99,COUNTIF($H$44:H99,TRUE),"") | J99: =IFERROR(__xludf.DUMMYFUNCTION("IF(O99,LET(w,IFERROR(MATCH(N99,UNIQUE(FILTER($N$44:$N$408,$O$44:$O$408=TRUE)),0),""""),IF(OR(w="""",w>$B$6),"""",w)),"""")"),8.0) -> 8 | K99: =IF(J99="","","Term "&MIN($B$7,ROUNDUP(J99/$B$8,0))) -> Term 1 | L99: =IF(J99="","",MOD(J99-1,$B$8)+1) -> 8 | M99: =IF(J99="",FALSE,AND($B$9="Yes",MOD(J99,$B$8)=0)) -> FALSE | N99: =A99-WEEKDAY(A99,2)+1 -> 46293 | O99: =SUMPRODUCT(($N$44:$N$408=N99)*(WEEKDAY($A$44:$A$408,2)<=5)*--($H$44:$H$408=TRUE))>0 -> TRUE | Q99: =LET(base,IFERROR(INT(LOG(SUMPRODUCT(($A$16:$A$35<>"")*($B$16:$B$35<>"")*(A99>=$A$16:$A$35)*(A99<=$B$16:$B$35)*--((($C$16:$C$35="All dates")+($C$16:$C$35=B99))>0),{1;2;4;8;16;32;64;128;256;512;1024;2048;4096;8192;16384;32768;65536;131072;262144;524288}),2))+16,0),breakRow,IFERROR(INT(LOG(SUMPRODUCT(($A$16:$A$35<>"")*($B$16:$B$35<>"")*(A99>=$A$16:$A$35)*(A99<=$B$16:$B$35)*--((($C$16:$C$35="All dates")+($C$16:$C$35=B99))>0)*($F$16:$F$35=FALSE)*($F$16:$F$35<>"")*--((($D$16:$D$35="Break")+($D$16:$D$35="Holiday"))>0),{1;2;4;8;16;32;64;128;256;512;1024;2048;4096;8192;16384;32768;65536;131072;262144;524288}),2))+16,0),baseStatus,IF(base=0,"",INDEX($F$16:$F$35,base-15)),singleRow,IFERROR(INT(LOG(SUMPRODUCT(($A$16:$A$35<>"")*($B$16:$B$35<>"")*(A99>=$A$16:$A$35)*(A99<=$B$16:$B$35)*--((($C$16:$C$35="All dates")+($C$16:$C$35=B99))>0)*($A$16:$A$35=$B$16:$B$35)*($F$16:$F$35=baseStatus),{1;2;4;8;16;32;64;128;256;512;1024;2048;4096;8192;16384;32768;65536;131072;262144;524288}),2))+16,0),IF(breakRow>0,breakRow,IF(singleRow>0,singleRow,base))) -> 0
A100: =A99+1 -> 46300 | B100: =TEXT(A100,"dddd") -> Monday | C100: =IFERROR(INDEX($I$7:$I$13,MATCH(B100,$H$7:$H$13,0)),FALSE) -> TRUE | D100: =IF($Q100=0,"",INDEX($D$16:$D$35,$Q100-ROW($A$16)+1)) | E100: =IF($Q100=0,"",INDEX($E$16:$E$35,$Q100-ROW($A$16)+1)) | F100: =IF($Q100=0,"",INDEX($F$16:$F$35,$Q100-ROW($A$16)+1)) | G100: =IF($Q100=0,"",INDEX($G$16:$G$35,$Q100-ROW($A$16)+1)) | H100: =IF(F100="",C100,F100) -> TRUE | I100: =IF(H100,COUNTIF($H$44:H100,TRUE),"") -> 41 | J100: =IFERROR(__xludf.DUMMYFUNCTION("IF(O100,LET(w,IFERROR(MATCH(N100,UNIQUE(FILTER($N$44:$N$408,$O$44:$O$408=TRUE)),0),""""),IF(OR(w="""",w>$B$6),"""",w)),"""")"),9.0) -> 9 | K100: =IF(J100="","","Term "&MIN($B$7,ROUNDUP(J100/$B$8,0))) -> Term 1 | L100: =IF(J100="","",MOD(J100-1,$B$8)+1) -> 9 | M100: =IF(J100="",FALSE,AND($B$9="Yes",MOD(J100,$B$8)=0)) -> FALSE | N100: =A100-WEEKDAY(A100,2)+1 -> 46300 | O100: =SUMPRODUCT(($N$44:$N$408=N100)*(WEEKDAY($A$44:$A$408,2)<=5)*--($H$44:$H$408=TRUE))>0 -> TRUE | Q100: =LET(base,IFERROR(INT(LOG(SUMPRODUCT(($A$16:$A$35<>"")*($B$16:$B$35<>"")*(A100>=$A$16:$A$35)*(A100<=$B$16:$B$35)*--((($C$16:$C$35="All dates")+($C$16:$C$35=B100))>0),{1;2;4;8;16;32;64;128;256;512;1024;2048;4096;8192;16384;32768;65536;131072;262144;524288}),2))+16,0),breakRow,IFERROR(INT(LOG(SUMPRODUCT(($A$16:$A$35<>"")*($B$16:$B$35<>"")*(A100>=$A$16:$A$35)*(A100<=$B$16:$B$35)*--((($C$16:$C$35="All dates")+($C$16:$C$35=B100))>0)*($F$16:$F$35=FALSE)*($F$16:$F$35<>"")*--((($D$16:$D$35="Break")+($D$16:$D$35="Holiday"))>0),{1;2;4;8;16;32;64;128;256;512;1024;2048;4096;8192;16384;32768;65536;131072;262144;524288}),2))+16,0),baseStatus,IF(base=0,"",INDEX($F$16:$F$35,base-15)),singleRow,IFERROR(INT(LOG(SUMPRODUCT(($A$16:$A$35<>"")*($B$16:$B$35<>"")*(A100>=$A$16:$A$35)*(A100<=$B$16:$B$35)*--((($C$16:$C$35="All dates")+($C$16:$C$35=B100))>0)*($A$16:$A$35=$B$16:$B$35)*($F$16:$F$35=baseStatus),{1;2;4;8;16;32;64;128;256;512;1024;2048;4096;8192;16384;32768;65536;131072;262144;524288}),2))+16,0),IF(breakRow>0,breakRow,IF(singleRow>0,singleRow,base))) -> 0
A101: =A100+1 -> 46301 | B101: =TEXT(A101,"dddd") -> Tuesday | C101: =IFERROR(INDEX($I$7:$I$13,MATCH(B101,$H$7:$H$13,0)),FALSE) -> TRUE | D101: =IF($Q101=0,"",INDEX($D$16:$D$35,$Q101-ROW($A$16)+1)) | E101: =IF($Q101=0,"",INDEX($E$16:$E$35,$Q101-ROW($A$16)+1)) | F101: =IF($Q101=0,"",INDEX($F$16:$F$35,$Q101-ROW($A$16)+1)) | G101: =IF($Q101=0,"",INDEX($G$16:$G$35,$Q101-ROW($A$16)+1)) | H101: =IF(F101="",C101,F101) -> TRUE | I101: =IF(H101,COUNTIF($H$44:H101,TRUE),"") -> 42 | J101: =IFERROR(__xludf.DUMMYFUNCTION("IF(O101,LET(w,IFERROR(MATCH(N101,UNIQUE(FILTER($N$44:$N$408,$O$44:$O$408=TRUE)),0),""""),IF(OR(w="""",w>$B$6),"""",w)),"""")"),9.0) -> 9 | K101: =IF(J101="","","Term "&MIN($B$7,ROUNDUP(J101/$B$8,0))) -> Term 1 | L101: =IF(J101="","",MOD(J101-1,$B$8)+1) -> 9 | M101: =IF(J101="",FALSE,AND($B$9="Yes",MOD(J101,$B$8)=0)) -> FALSE | N101: =A101-WEEKDAY(A101,2)+1 -> 46300 | O101: =SUMPRODUCT(($N$44:$N$408=N101)*(WEEKDAY($A$44:$A$408,2)<=5)*--($H$44:$H$408=TRUE))>0 -> TRUE | Q101: =LET(base,IFERROR(INT(LOG(SUMPRODUCT(($A$16:$A$35<>"")*($B$16:$B$35<>"")*(A101>=$A$16:$A$35)*(A101<=$B$16:$B$35)*--((($C$16:$C$35="All dates")+($C$16:$C$35=B101))>0),{1;2;4;8;16;32;64;128;256;512;1024;2048;4096;8192;16384;32768;65536;131072;262144;524288}),2))+16,0),breakRow,IFERROR(INT(LOG(SUMPRODUCT(($A$16:$A$35<>"")*($B$16:$B$35<>"")*(A101>=$A$16:$A$35)*(A101<=$B$16:$B$35)*--((($C$16:$C$35="All dates")+($C$16:$C$35=B101))>0)*($F$16:$F$35=FALSE)*($F$16:$F$35<>"")*--((($D$16:$D$35="Break")+($D$16:$D$35="Holiday"))>0),{1;2;4;8;16;32;64;128;256;512;1024;2048;4096;8192;16384;32768;65536;131072;262144;524288}),2))+16,0),baseStatus,IF(base=0,"",INDEX($F$16:$F$35,base-15)),singleRow,IFERROR(INT(LOG(SUMPRODUCT(($A$16:$A$35<>"")*($B$16:$B$35<>"")*(A101>=$A$16:$A$35)*(A101<=$B$16:$B$35)*--((($C$16:$C$35="All dates")+($C$16:$C$35=B101))>0)*($A$16:$A$35=$B$16:$B$35)*($F$16:$F$35=baseStatus),{1;2;4;8;16;32;64;128;256;512;1024;2048;4096;8192;16384;32768;65536;131072;262144;524288}),2))+16,0),IF(breakRow>0,breakRow,IF(singleRow>0,singleRow,base))) -> 0
A102: =A101+1 -> 46302 | B102: =TEXT(A102,"dddd") -> Wednesday | C102: =IFERROR(INDEX($I$7:$I$13,MATCH(B102,$H$7:$H$13,0)),FALSE) -> TRUE | D102: =IF($Q102=0,"",INDEX($D$16:$D$35,$Q102-ROW($A$16)+1)) | E102: =IF($Q102=0,"",INDEX($E$16:$E$35,$Q102-ROW($A$16)+1)) | F102: =IF($Q102=0,"",INDEX($F$16:$F$35,$Q102-ROW($A$16)+1)) | G102: =IF($Q102=0,"",INDEX($G$16:$G$35,$Q102-ROW($A$16)+1)) | H102: =IF(F102="",C102,F102) -> TRUE | I102: =IF(H102,COUNTIF($H$44:H102,TRUE),"") -> 43 | J102: =IFERROR(__xludf.DUMMYFUNCTION("IF(O102,LET(w,IFERROR(MATCH(N102,UNIQUE(FILTER($N$44:$N$408,$O$44:$O$408=TRUE)),0),""""),IF(OR(w="""",w>$B$6),"""",w)),"""")"),9.0) -> 9 | K102: =IF(J102="","","Term "&MIN($B$7,ROUNDUP(J102/$B$8,0))) -> Term 1 | L102: =IF(J102="","",MOD(J102-1,$B$8)+1) -> 9 | M102: =IF(J102="",FALSE,AND($B$9="Yes",MOD(J102,$B$8)=0)) -> FALSE | N102: =A102-WEEKDAY(A102,2)+1 -> 46300 | O102: =SUMPRODUCT(($N$44:$N$408=N102)*(WEEKDAY($A$44:$A$408,2)<=5)*--($H$44:$H$408=TRUE))>0 -> TRUE | Q102: =LET(base,IFERROR(INT(LOG(SUMPRODUCT(($A$16:$A$35<>"")*($B$16:$B$35<>"")*(A102>=$A$16:$A$35)*(A102<=$B$16:$B$35)*--((($C$16:$C$35="All dates")+($C$16:$C$35=B102))>0),{1;2;4;8;16;32;64;128;256;512;1024;2048;4096;8192;16384;32768;65536;131072;262144;524288}),2))+16,0),breakRow,IFERROR(INT(LOG(SUMPRODUCT(($A$16:$A$35<>"")*($B$16:$B$35<>"")*(A102>=$A$16:$A$35)*(A102<=$B$16:$B$35)*--((($C$16:$C$35="All dates")+($C$16:$C$35=B102))>0)*($F$16:$F$35=FALSE)*($F$16:$F$35<>"")*--((($D$16:$D$35="Break")+($D$16:$D$35="Holiday"))>0),{1;2;4;8;16;32;64;128;256;512;1024;2048;4096;8192;16384;32768;65536;131072;262144;524288}),2))+16,0),baseStatus,IF(base=0,"",INDEX($F$16:$F$35,base-15)),singleRow,IFERROR(INT(LOG(SUMPRODUCT(($A$16:$A$35<>"")*($B$16:$B$35<>"")*(A102>=$A$16:$A$35)*(A102<=$B$16:$B$35)*--((($C$16:$C$35="All dates")+($C$16:$C$35=B102))>0)*($A$16:$A$35=$B$16:$B$35)*($F$16:$F$35=baseStatus),{1;2;4;8;16;32;64;128;256;512;1024;2048;4096;8192;16384;32768;65536;131072;262144;524288}),2))+16,0),IF(breakRow>0,breakRow,IF(singleRow>0,singleRow,base))) -> 0
A103: =A102+1 -> 46303 | B103: =TEXT(A103,"dddd") -> Thursday | C103: =IFERROR(INDEX($I$7:$I$13,MATCH(B103,$H$7:$H$13,0)),FALSE) -> TRUE | D103: =IF($Q103=0,"",INDEX($D$16:$D$35,$Q103-ROW($A$16)+1)) | E103: =IF($Q103=0,"",INDEX($E$16:$E$35,$Q103-ROW($A$16)+1)) | F103: =IF($Q103=0,"",INDEX($F$16:$F$35,$Q103-ROW($A$16)+1)) | G103: =IF($Q103=0,"",INDEX($G$16:$G$35,$Q103-ROW($A$16)+1)) | H103: =IF(F103="",C103,F103) -> TRUE | I103: =IF(H103,COUNTIF($H$44:H103,TRUE),"") -> 44 | J103: =IFERROR(__xludf.DUMMYFUNCTION("IF(O103,LET(w,IFERROR(MATCH(N103,UNIQUE(FILTER($N$44:$N$408,$O$44:$O$408=TRUE)),0),""""),IF(OR(w="""",w>$B$6),"""",w)),"""")"),9.0) -> 9 | K103: =IF(J103="","","Term "&MIN($B$7,ROUNDUP(J103/$B$8,0))) -> Term 1 | L103: =IF(J103="","",MOD(J103-1,$B$8)+1) -> 9 | M103: =IF(J103="",FALSE,AND($B$9="Yes",MOD(J103,$B$8)=0)) -> FALSE | N103: =A103-WEEKDAY(A103,2)+1 -> 46300 | O103: =SUMPRODUCT(($N$44:$N$408=N103)*(WEEKDAY($A$44:$A$408,2)<=5)*--($H$44:$H$408=TRUE))>0 -> TRUE | Q103: =LET(base,IFERROR(INT(LOG(SUMPRODUCT(($A$16:$A$35<>"")*($B$16:$B$35<>"")*(A103>=$A$16:$A$35)*(A103<=$B$16:$B$35)*--((($C$16:$C$35="All dates")+($C$16:$C$35=B103))>0),{1;2;4;8;16;32;64;128;256;512;1024;2048;4096;8192;16384;32768;65536;131072;262144;524288}),2))+16,0),breakRow,IFERROR(INT(LOG(SUMPRODUCT(($A$16:$A$35<>"")*($B$16:$B$35<>"")*(A103>=$A$16:$A$35)*(A103<=$B$16:$B$35)*--((($C$16:$C$35="All dates")+($C$16:$C$35=B103))>0)*($F$16:$F$35=FALSE)*($F$16:$F$35<>"")*--((($D$16:$D$35="Break")+($D$16:$D$35="Holiday"))>0),{1;2;4;8;16;32;64;128;256;512;1024;2048;4096;8192;16384;32768;65536;131072;262144;524288}),2))+16,0),baseStatus,IF(base=0,"",INDEX($F$16:$F$35,base-15)),singleRow,IFERROR(INT(LOG(SUMPRODUCT(($A$16:$A$35<>"")*($B$16:$B$35<>"")*(A103>=$A$16:$A$35)*(A103<=$B$16:$B$35)*--((($C$16:$C$35="All dates")+($C$16:$C$35=B103))>0)*($A$16:$A$35=$B$16:$B$35)*($F$16:$F$35=baseStatus),{1;2;4;8;16;32;64;128;256;512;1024;2048;4096;8192;16384;32768;65536;131072;262144;524288}),2))+16,0),IF(breakRow>0,breakRow,IF(singleRow>0,singleRow,base))) -> 0
A104: =A103+1 -> 46304 | B104: =TEXT(A104,"dddd") -> Friday | C104: =IFERROR(INDEX($I$7:$I$13,MATCH(B104,$H$7:$H$13,0)),FALSE) -> TRUE | D104: =IF($Q104=0,"",INDEX($D$16:$D$35,$Q104-ROW($A$16)+1)) | E104: =IF($Q104=0,"",INDEX($E$16:$E$35,$Q104-ROW($A$16)+1)) | F104: =IF($Q104=0,"",INDEX($F$16:$F$35,$Q104-ROW($A$16)+1)) | G104: =IF($Q104=0,"",INDEX($G$16:$G$35,$Q104-ROW($A$16)+1)) | H104: =IF(F104="",C104,F104) -> TRUE | I104: =IF(H104,COUNTIF($H$44:H104,TRUE),"") -> 45 | J104: =IFERROR(__xludf.DUMMYFUNCTION("IF(O104,LET(w,IFERROR(MATCH(N104,UNIQUE(FILTER($N$44:$N$408,$O$44:$O$408=TRUE)),0),""""),IF(OR(w="""",w>$B$6),"""",w)),"""")"),9.0) -> 9 | K104: =IF(J104="","","Term "&MIN($B$7,ROUNDUP(J104/$B$8,0))) -> Term 1 | L104: =IF(J104="","",MOD(J104-1,$B$8)+1) -> 9 | M104: =IF(J104="",FALSE,AND($B$9="Yes",MOD(J104,$B$8)=0)) -> FALSE | N104: =A104-WEEKDAY(A104,2)+1 -> 46300 | O104: =SUMPRODUCT(($N$44:$N$408=N104)*(WEEKDAY($A$44:$A$408,2)<=5)*--($H$44:$H$408=TRUE))>0 -> TRUE | Q104: =LET(base,IFERROR(INT(LOG(SUMPRODUCT(($A$16:$A$35<>"")*($B$16:$B$35<>"")*(A104>=$A$16:$A$35)*(A104<=$B$16:$B$35)*--((($C$16:$C$35="All dates")+($C$16:$C$35=B104))>0),{1;2;4;8;16;32;64;128;256;512;1024;2048;4096;8192;16384;32768;65536;131072;262144;524288}),2))+16,0),breakRow,IFERROR(INT(LOG(SUMPRODUCT(($A$16:$A$35<>"")*($B$16:$B$35<>"")*(A104>=$A$16:$A$35)*(A104<=$B$16:$B$35)*--((($C$16:$C$35="All dates")+($C$16:$C$35=B104))>0)*($F$16:$F$35=FALSE)*($F$16:$F$35<>"")*--((($D$16:$D$35="Break")+($D$16:$D$35="Holiday"))>0),{1;2;4;8;16;32;64;128;256;512;1024;2048;4096;8192;16384;32768;65536;131072;262144;524288}),2))+16,0),baseStatus,IF(base=0,"",INDEX($F$16:$F$35,base-15)),singleRow,IFERROR(INT(LOG(SUMPRODUCT(($A$16:$A$35<>"")*($B$16:$B$35<>"")*(A104>=$A$16:$A$35)*(A104<=$B$16:$B$35)*--((($C$16:$C$35="All dates")+($C$16:$C$35=B104))>0)*($A$16:$A$35=$B$16:$B$35)*($F$16:$F$35=baseStatus),{1;2;4;8;16;32;64;128;256;512;1024;2048;4096;8192;16384;32768;65536;131072;262144;524288}),2))+16,0),IF(breakRow>0,breakRow,IF(singleRow>0,singleRow,base))) -> 0
A105: =A104+1 -> 46305 | B105: =TEXT(A105,"dddd") -> Saturday | C105: =IFERROR(INDEX($I$7:$I$13,MATCH(B105,$H$7:$H$13,0)),FALSE) -> FALSE | D105: =IF($Q105=0,"",INDEX($D$16:$D$35,$Q105-ROW($A$16)+1)) | E105: =IF($Q105=0,"",INDEX($E$16:$E$35,$Q105-ROW($A$16)+1)) | F105: =IF($Q105=0,"",INDEX($F$16:$F$35,$Q105-ROW($A$16)+1)) | G105: =IF($Q105=0,"",INDEX($G$16:$G$35,$Q105-ROW($A$16)+1)) | H105: =IF(F105="",C105,F105) -> FALSE | I105: =IF(H105,COUNTIF($H$44:H105,TRUE),"") | J105: =IFERROR(__xludf.DUMMYFUNCTION("IF(O105,LET(w,IFERROR(MATCH(N105,UNIQUE(FILTER($N$44:$N$408,$O$44:$O$408=TRUE)),0),""""),IF(OR(w="""",w>$B$6),"""",w)),"""")"),9.0) -> 9 | K105: =IF(J105="","","Term "&MIN($B$7,ROUNDUP(J105/$B$8,0))) -> Term 1 | L105: =IF(J105="","",MOD(J105-1,$B$8)+1) -> 9 | M105: =IF(J105="",FALSE,AND($B$9="Yes",MOD(J105,$B$8)=0)) -> FALSE | N105: =A105-WEEKDAY(A105,2)+1 -> 46300 | O105: =SUMPRODUCT(($N$44:$N$408=N105)*(WEEKDAY($A$44:$A$408,2)<=5)*--($H$44:$H$408=TRUE))>0 -> TRUE | Q105: =LET(base,IFERROR(INT(LOG(SUMPRODUCT(($A$16:$A$35<>"")*($B$16:$B$35<>"")*(A105>=$A$16:$A$35)*(A105<=$B$16:$B$35)*--((($C$16:$C$35="All dates")+($C$16:$C$35=B105))>0),{1;2;4;8;16;32;64;128;256;512;1024;2048;4096;8192;16384;32768;65536;131072;262144;524288}),2))+16,0),breakRow,IFERROR(INT(LOG(SUMPRODUCT(($A$16:$A$35<>"")*($B$16:$B$35<>"")*(A105>=$A$16:$A$35)*(A105<=$B$16:$B$35)*--((($C$16:$C$35="All dates")+($C$16:$C$35=B105))>0)*($F$16:$F$35=FALSE)*($F$16:$F$35<>"")*--((($D$16:$D$35="Break")+($D$16:$D$35="Holiday"))>0),{1;2;4;8;16;32;64;128;256;512;1024;2048;4096;8192;16384;32768;65536;131072;262144;524288}),2))+16,0),baseStatus,IF(base=0,"",INDEX($F$16:$F$35,base-15)),singleRow,IFERROR(INT(LOG(SUMPRODUCT(($A$16:$A$35<>"")*($B$16:$B$35<>"")*(A105>=$A$16:$A$35)*(A105<=$B$16:$B$35)*--((($C$16:$C$35="All dates")+($C$16:$C$35=B105))>0)*($A$16:$A$35=$B$16:$B$35)*($F$16:$F$35=baseStatus),{1;2;4;8;16;32;64;128;256;512;1024;2048;4096;8192;16384;32768;65536;131072;262144;524288}),2))+16,0),IF(breakRow>0,breakRow,IF(singleRow>0,singleRow,base))) -> 0
A106: =A105+1 -> 46306 | B106: =TEXT(A106,"dddd") -> Sunday | C106: =IFERROR(INDEX($I$7:$I$13,MATCH(B106,$H$7:$H$13,0)),FALSE) -> FALSE | D106: =IF($Q106=0,"",INDEX($D$16:$D$35,$Q106-ROW($A$16)+1)) | E106: =IF($Q106=0,"",INDEX($E$16:$E$35,$Q106-ROW($A$16)+1)) | F106: =IF($Q106=0,"",INDEX($F$16:$F$35,$Q106-ROW($A$16)+1)) | G106: =IF($Q106=0,"",INDEX($G$16:$G$35,$Q106-ROW($A$16)+1)) | H106: =IF(F106="",C106,F106) -> FALSE | I106: =IF(H106,COUNTIF($H$44:H106,TRUE),"") | J106: =IFERROR(__xludf.DUMMYFUNCTION("IF(O106,LET(w,IFERROR(MATCH(N106,UNIQUE(FILTER($N$44:$N$408,$O$44:$O$408=TRUE)),0),""""),IF(OR(w="""",w>$B$6),"""",w)),"""")"),9.0) -> 9 | K106: =IF(J106="","","Term "&MIN($B$7,ROUNDUP(J106/$B$8,0))) -> Term 1 | L106: =IF(J106="","",MOD(J106-1,$B$8)+1) -> 9 | M106: =IF(J106="",FALSE,AND($B$9="Yes",MOD(J106,$B$8)=0)) -> FALSE | N106: =A106-WEEKDAY(A106,2)+1 -> 46300 | O106: =SUMPRODUCT(($N$44:$N$408=N106)*(WEEKDAY($A$44:$A$408,2)<=5)*--($H$44:$H$408=TRUE))>0 -> TRUE | Q106: =LET(base,IFERROR(INT(LOG(SUMPRODUCT(($A$16:$A$35<>"")*($B$16:$B$35<>"")*(A106>=$A$16:$A$35)*(A106<=$B$16:$B$35)*--((($C$16:$C$35="All dates")+($C$16:$C$35=B106))>0),{1;2;4;8;16;32;64;128;256;512;1024;2048;4096;8192;16384;32768;65536;131072;262144;524288}),2))+16,0),breakRow,IFERROR(INT(LOG(SUMPRODUCT(($A$16:$A$35<>"")*($B$16:$B$35<>"")*(A106>=$A$16:$A$35)*(A106<=$B$16:$B$35)*--((($C$16:$C$35="All dates")+($C$16:$C$35=B106))>0)*($F$16:$F$35=FALSE)*($F$16:$F$35<>"")*--((($D$16:$D$35="Break")+($D$16:$D$35="Holiday"))>0),{1;2;4;8;16;32;64;128;256;512;1024;2048;4096;8192;16384;32768;65536;131072;262144;524288}),2))+16,0),baseStatus,IF(base=0,"",INDEX($F$16:$F$35,base-15)),singleRow,IFERROR(INT(LOG(SUMPRODUCT(($A$16:$A$35<>"")*($B$16:$B$35<>"")*(A106>=$A$16:$A$35)*(A106<=$B$16:$B$35)*--((($C$16:$C$35="All dates")+($C$16:$C$35=B106))>0)*($A$16:$A$35=$B$16:$B$35)*($F$16:$F$35=baseStatus),{1;2;4;8;16;32;64;128;256;512;1024;2048;4096;8192;16384;32768;65536;131072;262144;524288}),2))+16,0),IF(breakRow>0,breakRow,IF(singleRow>0,singleRow,base))) -> 0
A107: =A106+1 -> 46307 | B107: =TEXT(A107,"dddd") -> Monday | C107: =IFERROR(INDEX($I$7:$I$13,MATCH(B107,$H$7:$H$13,0)),FALSE) -> TRUE | D107: =IF($Q107=0,"",INDEX($D$16:$D$35,$Q107-ROW($A$16)+1)) | E107: =IF($Q107=0,"",INDEX($E$16:$E$35,$Q107-ROW($A$16)+1)) | F107: =IF($Q107=0,"",INDEX($F$16:$F$35,$Q107-ROW($A$16)+1)) | G107: =IF($Q107=0,"",INDEX($G$16:$G$35,$Q107-ROW($A$16)+1)) | H107: =IF(F107="",C107,F107) -> TRUE | I107: =IF(H107,COUNTIF($H$44:H107,TRUE),"") -> 46 | J107: =IFERROR(__xludf.DUMMYFUNCTION("IF(O107,LET(w,IFERROR(MATCH(N107,UNIQUE(FILTER($N$44:$N$408,$O$44:$O$408=TRUE)),0),""""),IF(OR(w="""",w>$B$6),"""",w)),"""")"),10.0) -> 10 | K107: =IF(J107="","","Term "&MIN($B$7,ROUNDUP(J107/$B$8,0))) -> Term 1 | L107: =IF(J107="","",MOD(J107-1,$B$8)+1) -> 10 | M107: =IF(J107="",FALSE,AND($B$9="Yes",MOD(J107,$B$8)=0)) -> FALSE | N107: =A107-WEEKDAY(A107,2)+1 -> 46307 | O107: =SUMPRODUCT(($N$44:$N$408=N107)*(WEEKDAY($A$44:$A$408,2)<=5)*--($H$44:$H$408=TRUE))>0 -> TRUE | Q107: =LET(base,IFERROR(INT(LOG(SUMPRODUCT(($A$16:$A$35<>"")*($B$16:$B$35<>"")*(A107>=$A$16:$A$35)*(A107<=$B$16:$B$35)*--((($C$16:$C$35="All dates")+($C$16:$C$35=B107))>0),{1;2;4;8;16;32;64;128;256;512;1024;2048;4096;8192;16384;32768;65536;131072;262144;524288}),2))+16,0),breakRow,IFERROR(INT(LOG(SUMPRODUCT(($A$16:$A$35<>"")*($B$16:$B$35<>"")*(A107>=$A$16:$A$35)*(A107<=$B$16:$B$35)*--((($C$16:$C$35="All dates")+($C$16:$C$35=B107))>0)*($F$16:$F$35=FALSE)*($F$16:$F$35<>"")*--((($D$16:$D$35="Break")+($D$16:$D$35="Holiday"))>0),{1;2;4;8;16;32;64;128;256;512;1024;2048;4096;8192;16384;32768;65536;131072;262144;524288}),2))+16,0),baseStatus,IF(base=0,"",INDEX($F$16:$F$35,base-15)),singleRow,IFERROR(INT(LOG(SUMPRODUCT(($A$16:$A$35<>"")*($B$16:$B$35<>"")*(A107>=$A$16:$A$35)*(A107<=$B$16:$B$35)*--((($C$16:$C$35="All dates")+($C$16:$C$35=B107))>0)*($A$16:$A$35=$B$16:$B$35)*($F$16:$F$35=baseStatus),{1;2;4;8;16;32;64;128;256;512;1024;2048;4096;8192;16384;32768;65536;131072;262144;524288}),2))+16,0),IF(breakRow>0,breakRow,IF(singleRow>0,singleRow,base))) -> 0
A108: =A107+1 -> 46308 | B108: =TEXT(A108,"dddd") -> Tuesday | C108: =IFERROR(INDEX($I$7:$I$13,MATCH(B108,$H$7:$H$13,0)),FALSE) -> TRUE | D108: =IF($Q108=0,"",INDEX($D$16:$D$35,$Q108-ROW($A$16)+1)) | E108: =IF($Q108=0,"",INDEX($E$16:$E$35,$Q108-ROW($A$16)+1)) | F108: =IF($Q108=0,"",INDEX($F$16:$F$35,$Q108-ROW($A$16)+1)) | G108: =IF($Q108=0,"",INDEX($G$16:$G$35,$Q108-ROW($A$16)+1)) | H108: =IF(F108="",C108,F108) -> TRUE | I108: =IF(H108,COUNTIF($H$44:H108,TRUE),"") -> 47 | J108: =IFERROR(__xludf.DUMMYFUNCTION("IF(O108,LET(w,IFERROR(MATCH(N108,UNIQUE(FILTER($N$44:$N$408,$O$44:$O$408=TRUE)),0),""""),IF(OR(w="""",w>$B$6),"""",w)),"""")"),10.0) -> 10 | K108: =IF(J108="","","Term "&MIN($B$7,ROUNDUP(J108/$B$8,0))) -> Term 1 | L108: =IF(J108="","",MOD(J108-1,$B$8)+1) -> 10 | M108: =IF(J108="",FALSE,AND($B$9="Yes",MOD(J108,$B$8)=0)) -> FALSE | N108: =A108-WEEKDAY(A108,2)+1 -> 46307 | O108: =SUMPRODUCT(($N$44:$N$408=N108)*(WEEKDAY($A$44:$A$408,2)<=5)*--($H$44:$H$408=TRUE))>0 -> TRUE | Q108: =LET(base,IFERROR(INT(LOG(SUMPRODUCT(($A$16:$A$35<>"")*($B$16:$B$35<>"")*(A108>=$A$16:$A$35)*(A108<=$B$16:$B$35)*--((($C$16:$C$35="All dates")+($C$16:$C$35=B108))>0),{1;2;4;8;16;32;64;128;256;512;1024;2048;4096;8192;16384;32768;65536;131072;262144;524288}),2))+16,0),breakRow,IFERROR(INT(LOG(SUMPRODUCT(($A$16:$A$35<>"")*($B$16:$B$35<>"")*(A108>=$A$16:$A$35)*(A108<=$B$16:$B$35)*--((($C$16:$C$35="All dates")+($C$16:$C$35=B108))>0)*($F$16:$F$35=FALSE)*($F$16:$F$35<>"")*--((($D$16:$D$35="Break")+($D$16:$D$35="Holiday"))>0),{1;2;4;8;16;32;64;128;256;512;1024;2048;4096;8192;16384;32768;65536;131072;262144;524288}),2))+16,0),baseStatus,IF(base=0,"",INDEX($F$16:$F$35,base-15)),singleRow,IFERROR(INT(LOG(SUMPRODUCT(($A$16:$A$35<>"")*($B$16:$B$35<>"")*(A108>=$A$16:$A$35)*(A108<=$B$16:$B$35)*--((($C$16:$C$35="All dates")+($C$16:$C$35=B108))>0)*($A$16:$A$35=$B$16:$B$35)*($F$16:$F$35=baseStatus),{1;2;4;8;16;32;64;128;256;512;1024;2048;4096;8192;16384;32768;65536;131072;262144;524288}),2))+16,0),IF(breakRow>0,breakRow,IF(singleRow>0,singleRow,base))) -> 0
A109: =A108+1 -> 46309 | B109: =TEXT(A109,"dddd") -> Wednesday | C109: =IFERROR(INDEX($I$7:$I$13,MATCH(B109,$H$7:$H$13,0)),FALSE) -> TRUE | D109: =IF($Q109=0,"",INDEX($D$16:$D$35,$Q109-ROW($A$16)+1)) | E109: =IF($Q109=0,"",INDEX($E$16:$E$35,$Q109-ROW($A$16)+1)) | F109: =IF($Q109=0,"",INDEX($F$16:$F$35,$Q109-ROW($A$16)+1)) | G109: =IF($Q109=0,"",INDEX($G$16:$G$35,$Q109-ROW($A$16)+1)) | H109: =IF(F109="",C109,F109) -> TRUE | I109: =IF(H109,COUNTIF($H$44:H109,TRUE),"") -> 48 | J109: =IFERROR(__xludf.DUMMYFUNCTION("IF(O109,LET(w,IFERROR(MATCH(N109,UNIQUE(FILTER($N$44:$N$408,$O$44:$O$408=TRUE)),0),""""),IF(OR(w="""",w>$B$6),"""",w)),"""")"),10.0) -> 10 | K109: =IF(J109="","","Term "&MIN($B$7,ROUNDUP(J109/$B$8,0))) -> Term 1 | L109: =IF(J109="","",MOD(J109-1,$B$8)+1) -> 10 | M109: =IF(J109="",FALSE,AND($B$9="Yes",MOD(J109,$B$8)=0)) -> FALSE | N109: =A109-WEEKDAY(A109,2)+1 -> 46307 | O109: =SUMPRODUCT(($N$44:$N$408=N109)*(WEEKDAY($A$44:$A$408,2)<=5)*--($H$44:$H$408=TRUE))>0 -> TRUE | Q109: =LET(base,IFERROR(INT(LOG(SUMPRODUCT(($A$16:$A$35<>"")*($B$16:$B$35<>"")*(A109>=$A$16:$A$35)*(A109<=$B$16:$B$35)*--((($C$16:$C$35="All dates")+($C$16:$C$35=B109))>0),{1;2;4;8;16;32;64;128;256;512;1024;2048;4096;8192;16384;32768;65536;131072;262144;524288}),2))+16,0),breakRow,IFERROR(INT(LOG(SUMPRODUCT(($A$16:$A$35<>"")*($B$16:$B$35<>"")*(A109>=$A$16:$A$35)*(A109<=$B$16:$B$35)*--((($C$16:$C$35="All dates")+($C$16:$C$35=B109))>0)*($F$16:$F$35=FALSE)*($F$16:$F$35<>"")*--((($D$16:$D$35="Break")+($D$16:$D$35="Holiday"))>0),{1;2;4;8;16;32;64;128;256;512;1024;2048;4096;8192;16384;32768;65536;131072;262144;524288}),2))+16,0),baseStatus,IF(base=0,"",INDEX($F$16:$F$35,base-15)),singleRow,IFERROR(INT(LOG(SUMPRODUCT(($A$16:$A$35<>"")*($B$16:$B$35<>"")*(A109>=$A$16:$A$35)*(A109<=$B$16:$B$35)*--((($C$16:$C$35="All dates")+($C$16:$C$35=B109))>0)*($A$16:$A$35=$B$16:$B$35)*($F$16:$F$35=baseStatus),{1;2;4;8;16;32;64;128;256;512;1024;2048;4096;8192;16384;32768;65536;131072;262144;524288}),2))+16,0),IF(breakRow>0,breakRow,IF(singleRow>0,singleRow,base))) -> 0
A110: =A109+1 -> 46310 | B110: =TEXT(A110,"dddd") -> Thursday | C110: =IFERROR(INDEX($I$7:$I$13,MATCH(B110,$H$7:$H$13,0)),FALSE) -> TRUE | D110: =IF($Q110=0,"",INDEX($D$16:$D$35,$Q110-ROW($A$16)+1)) | E110: =IF($Q110=0,"",INDEX($E$16:$E$35,$Q110-ROW($A$16)+1)) | F110: =IF($Q110=0,"",INDEX($F$16:$F$35,$Q110-ROW($A$16)+1)) | G110: =IF($Q110=0,"",INDEX($G$16:$G$35,$Q110-ROW($A$16)+1)) | H110: =IF(F110="",C110,F110) -> TRUE | I110: =IF(H110,COUNTIF($H$44:H110,TRUE),"") -> 49 | J110: =IFERROR(__xludf.DUMMYFUNCTION("IF(O110,LET(w,IFERROR(MATCH(N110,UNIQUE(FILTER($N$44:$N$408,$O$44:$O$408=TRUE)),0),""""),IF(OR(w="""",w>$B$6),"""",w)),"""")"),10.0) -> 10 | K110: =IF(J110="","","Term "&MIN($B$7,ROUNDUP(J110/$B$8,0))) -> Term 1 | L110: =IF(J110="","",MOD(J110-1,$B$8)+1) -> 10 | M110: =IF(J110="",FALSE,AND($B$9="Yes",MOD(J110,$B$8)=0)) -> FALSE | N110: =A110-WEEKDAY(A110,2)+1 -> 46307 | O110: =SUMPRODUCT(($N$44:$N$408=N110)*(WEEKDAY($A$44:$A$408,2)<=5)*--($H$44:$H$408=TRUE))>0 -> TRUE | Q110: =LET(base,IFERROR(INT(LOG(SUMPRODUCT(($A$16:$A$35<>"")*($B$16:$B$35<>"")*(A110>=$A$16:$A$35)*(A110<=$B$16:$B$35)*--((($C$16:$C$35="All dates")+($C$16:$C$35=B110))>0),{1;2;4;8;16;32;64;128;256;512;1024;2048;4096;8192;16384;32768;65536;131072;262144;524288}),2))+16,0),breakRow,IFERROR(INT(LOG(SUMPRODUCT(($A$16:$A$35<>"")*($B$16:$B$35<>"")*(A110>=$A$16:$A$35)*(A110<=$B$16:$B$35)*--((($C$16:$C$35="All dates")+($C$16:$C$35=B110))>0)*($F$16:$F$35=FALSE)*($F$16:$F$35<>"")*--((($D$16:$D$35="Break")+($D$16:$D$35="Holiday"))>0),{1;2;4;8;16;32;64;128;256;512;1024;2048;4096;8192;16384;32768;65536;131072;262144;524288}),2))+16,0),baseStatus,IF(base=0,"",INDEX($F$16:$F$35,base-15)),singleRow,IFERROR(INT(LOG(SUMPRODUCT(($A$16:$A$35<>"")*($B$16:$B$35<>"")*(A110>=$A$16:$A$35)*(A110<=$B$16:$B$35)*--((($C$16:$C$35="All dates")+($C$16:$C$35=B110))>0)*($A$16:$A$35=$B$16:$B$35)*($F$16:$F$35=baseStatus),{1;2;4;8;16;32;64;128;256;512;1024;2048;4096;8192;16384;32768;65536;131072;262144;524288}),2))+16,0),IF(breakRow>0,breakRow,IF(singleRow>0,singleRow,base))) -> 0
A111: =A110+1 -> 46311 | B111: =TEXT(A111,"dddd") -> Friday | C111: =IFERROR(INDEX($I$7:$I$13,MATCH(B111,$H$7:$H$13,0)),FALSE) -> TRUE | D111: =IF($Q111=0,"",INDEX($D$16:$D$35,$Q111-ROW($A$16)+1)) | E111: =IF($Q111=0,"",INDEX($E$16:$E$35,$Q111-ROW($A$16)+1)) | F111: =IF($Q111=0,"",INDEX($F$16:$F$35,$Q111-ROW($A$16)+1)) | G111: =IF($Q111=0,"",INDEX($G$16:$G$35,$Q111-ROW($A$16)+1)) | H111: =IF(F111="",C111,F111) -> TRUE | I111: =IF(H111,COUNTIF($H$44:H111,TRUE),"") -> 50 | J111: =IFERROR(__xludf.DUMMYFUNCTION("IF(O111,LET(w,IFERROR(MATCH(N111,UNIQUE(FILTER($N$44:$N$408,$O$44:$O$408=TRUE)),0),""""),IF(OR(w="""",w>$B$6),"""",w)),"""")"),10.0) -> 10 | K111: =IF(J111="","","Term "&MIN($B$7,ROUNDUP(J111/$B$8,0))) -> Term 1 | L111: =IF(J111="","",MOD(J111-1,$B$8)+1) -> 10 | M111: =IF(J111="",FALSE,AND($B$9="Yes",MOD(J111,$B$8)=0)) -> FALSE | N111: =A111-WEEKDAY(A111,2)+1 -> 46307 | O111: =SUMPRODUCT(($N$44:$N$408=N111)*(WEEKDAY($A$44:$A$408,2)<=5)*--($H$44:$H$408=TRUE))>0 -> TRUE | Q111: =LET(base,IFERROR(INT(LOG(SUMPRODUCT(($A$16:$A$35<>"")*($B$16:$B$35<>"")*(A111>=$A$16:$A$35)*(A111<=$B$16:$B$35)*--((($C$16:$C$35="All dates")+($C$16:$C$35=B111))>0),{1;2;4;8;16;32;64;128;256;512;1024;2048;4096;8192;16384;32768;65536;131072;262144;524288}),2))+16,0),breakRow,IFERROR(INT(LOG(SUMPRODUCT(($A$16:$A$35<>"")*($B$16:$B$35<>"")*(A111>=$A$16:$A$35)*(A111<=$B$16:$B$35)*--((($C$16:$C$35="All dates")+($C$16:$C$35=B111))>0)*($F$16:$F$35=FALSE)*($F$16:$F$35<>"")*--((($D$16:$D$35="Break")+($D$16:$D$35="Holiday"))>0),{1;2;4;8;16;32;64;128;256;512;1024;2048;4096;8192;16384;32768;65536;131072;262144;524288}),2))+16,0),baseStatus,IF(base=0,"",INDEX($F$16:$F$35,base-15)),singleRow,IFERROR(INT(LOG(SUMPRODUCT(($A$16:$A$35<>"")*($B$16:$B$35<>"")*(A111>=$A$16:$A$35)*(A111<=$B$16:$B$35)*--((($C$16:$C$35="All dates")+($C$16:$C$35=B111))>0)*($A$16:$A$35=$B$16:$B$35)*($F$16:$F$35=baseStatus),{1;2;4;8;16;32;64;128;256;512;1024;2048;4096;8192;16384;32768;65536;131072;262144;524288}),2))+16,0),IF(breakRow>0,breakRow,IF(singleRow>0,singleRow,base))) -> 0
A112: =A111+1 -> 46312 | B112: =TEXT(A112,"dddd") -> Saturday | C112: =IFERROR(INDEX($I$7:$I$13,MATCH(B112,$H$7:$H$13,0)),FALSE) -> FALSE | D112: =IF($Q112=0,"",INDEX($D$16:$D$35,$Q112-ROW($A$16)+1)) | E112: =IF($Q112=0,"",INDEX($E$16:$E$35,$Q112-ROW($A$16)+1)) | F112: =IF($Q112=0,"",INDEX($F$16:$F$35,$Q112-ROW($A$16)+1)) | G112: =IF($Q112=0,"",INDEX($G$16:$G$35,$Q112-ROW($A$16)+1)) | H112: =IF(F112="",C112,F112) -> FALSE | I112: =IF(H112,COUNTIF($H$44:H112,TRUE),"") | J112: =IFERROR(__xludf.DUMMYFUNCTION("IF(O112,LET(w,IFERROR(MATCH(N112,UNIQUE(FILTER($N$44:$N$408,$O$44:$O$408=TRUE)),0),""""),IF(OR(w="""",w>$B$6),"""",w)),"""")"),10.0) -> 10 | K112: =IF(J112="","","Term "&MIN($B$7,ROUNDUP(J112/$B$8,0))) -> Term 1 | L112: =IF(J112="","",MOD(J112-1,$B$8)+1) -> 10 | M112: =IF(J112="",FALSE,AND($B$9="Yes",MOD(J112,$B$8)=0)) -> FALSE | N112: =A112-WEEKDAY(A112,2)+1 -> 46307 | O112: =SUMPRODUCT(($N$44:$N$408=N112)*(WEEKDAY($A$44:$A$408,2)<=5)*--($H$44:$H$408=TRUE))>0 -> TRUE | Q112: =LET(base,IFERROR(INT(LOG(SUMPRODUCT(($A$16:$A$35<>"")*($B$16:$B$35<>"")*(A112>=$A$16:$A$35)*(A112<=$B$16:$B$35)*--((($C$16:$C$35="All dates")+($C$16:$C$35=B112))>0),{1;2;4;8;16;32;64;128;256;512;1024;2048;4096;8192;16384;32768;65536;131072;262144;524288}),2))+16,0),breakRow,IFERROR(INT(LOG(SUMPRODUCT(($A$16:$A$35<>"")*($B$16:$B$35<>"")*(A112>=$A$16:$A$35)*(A112<=$B$16:$B$35)*--((($C$16:$C$35="All dates")+($C$16:$C$35=B112))>0)*($F$16:$F$35=FALSE)*($F$16:$F$35<>"")*--((($D$16:$D$35="Break")+($D$16:$D$35="Holiday"))>0),{1;2;4;8;16;32;64;128;256;512;1024;2048;4096;8192;16384;32768;65536;131072;262144;524288}),2))+16,0),baseStatus,IF(base=0,"",INDEX($F$16:$F$35,base-15)),singleRow,IFERROR(INT(LOG(SUMPRODUCT(($A$16:$A$35<>"")*($B$16:$B$35<>"")*(A112>=$A$16:$A$35)*(A112<=$B$16:$B$35)*--((($C$16:$C$35="All dates")+($C$16:$C$35=B112))>0)*($A$16:$A$35=$B$16:$B$35)*($F$16:$F$35=baseStatus),{1;2;4;8;16;32;64;128;256;512;1024;2048;4096;8192;16384;32768;65536;131072;262144;524288}),2))+16,0),IF(breakRow>0,breakRow,IF(singleRow>0,singleRow,base))) -> 0
...

Sheet Family Map
A1: Family Map
A2: Step 3 • Review the feast and customize strands only when needed. Finalize strand names before placing strands or adding resources. Done when the active strands reflect this year’s plan. Next: Strand Placement.
A4: Form / Stage | B4: Bible | C4: Language Arts | D4: Literature | E4: History | F4: Geography | G4: Citizenship | H4: Science / Nature | I4: Math | J4: Beauty + Hands | K4: Foreign Language
A5: All Together | B5: =IFERROR(__xludf.DUMMYFUNCTION("IFERROR(INDEX(FILTER($D$46:$D$147,((($A$46:$A$147=TRUE)+($A$46:$A$147=""☑"")+($A$46:$A$147=""✓"")+($A$46:$A$147=""✔""))>0)*($B$46:$B$147=$A$5)*($C$46:$C$147=B$4)),ROWS(B$5:B5)),"""")"),"New Testament") -> New Testament | C5: =IFERROR(__xludf.DUMMYFUNCTION("IFERROR(INDEX(FILTER($D$46:$D$147,((($A$46:$A$147=TRUE)+($A$46:$A$147=""☑"")+($A$46:$A$147=""✓"")+($A$46:$A$147=""✔""))>0)*($B$46:$B$147=$A$5)*($C$46:$C$147=C$4)),ROWS(C$5:C5)),"""")"),"") | D5: =IFERROR(__xludf.DUMMYFUNCTION("IFERROR(INDEX(FILTER($D$46:$D$147,((($A$46:$A$147=TRUE)+($A$46:$A$147=""☑"")+($A$46:$A$147=""✓"")+($A$46:$A$147=""✔""))>0)*($B$46:$B$147=$A$5)*($C$46:$C$147=D$4)),ROWS(D$5:D5)),"""")"),"Family Read-Aloud") -> Family Read-Aloud | E5: =IFERROR(__xludf.DUMMYFUNCTION("IFERROR(INDEX(FILTER($D$46:$D$147,((($A$46:$A$147=TRUE)+($A$46:$A$147=""☑"")+($A$46:$A$147=""✓"")+($A$46:$A$147=""✔""))>0)*($B$46:$B$147=$A$5)*($C$46:$C$147=E$4)),ROWS(E$5:E5)),"""")"),"") | F5: =IFERROR(__xludf.DUMMYFUNCTION("IFERROR(INDEX(FILTER($D$46:$D$147,((($A$46:$A$147=TRUE)+($A$46:$A$147=""☑"")+($A$46:$A$147=""✓"")+($A$46:$A$147=""✔""))>0)*($B$46:$B$147=$A$5)*($C$46:$C$147=F$4)),ROWS(F$5:F5)),"""")"),"") | G5: =IFERROR(__xludf.DUMMYFUNCTION("IFERROR(INDEX(FILTER($D$46:$D$147,((($A$46:$A$147=TRUE)+($A$46:$A$147=""☑"")+($A$46:$A$147=""✓"")+($A$46:$A$147=""✔""))>0)*($B$46:$B$147=$A$5)*($C$46:$C$147=G$4)),ROWS(G$5:G5)),"""")"),"") | H5: =IFERROR(__xludf.DUMMYFUNCTION("IFERROR(INDEX(FILTER($D$46:$D$147,((($A$46:$A$147=TRUE)+($A$46:$A$147=""☑"")+($A$46:$A$147=""✓"")+($A$46:$A$147=""✔""))>0)*($B$46:$B$147=$A$5)*($C$46:$C$147=H$4)),ROWS(H$5:H5)),"""")"),"Special Studies") -> Special Studies | I5: =IFERROR(__xludf.DUMMYFUNCTION("IFERROR(INDEX(FILTER($D$46:$D$147,((($A$46:$A$147=TRUE)+($A$46:$A$147=""☑"")+($A$46:$A$147=""✓"")+($A$46:$A$147=""✔""))>0)*($B$46:$B$147=$A$5)*($C$46:$C$147=I$4)),ROWS(I$5:I5)),"""")"),"Family Math") -> Family Math | J5: =IFERROR(__xludf.DUMMYFUNCTION("IFERROR(INDEX(FILTER($D$46:$D$147,((($A$46:$A$147=TRUE)+($A$46:$A$147=""☑"")+($A$46:$A$147=""✓"")+($A$46:$A$147=""✔""))>0)*($B$46:$B$147=$A$5)*($C$46:$C$147=J$4)),ROWS(J$5:J5)),"""")"),"Hymn") -> Hymn | K5: =IFERROR(__xludf.DUMMYFUNCTION("IFERROR(INDEX(FILTER($D$46:$D$147,((($A$46:$A$147=TRUE)+($A$46:$A$147=""☑"")+($A$46:$A$147=""✓"")+($A$46:$A$147=""✔""))>0)*($B$46:$B$147=$A$5)*($C$46:$C$147=K$4)),ROWS(K$5:K5)),"""")"),"Family Language Song") -> Family Language Song
B6: =IFERROR(__xludf.DUMMYFUNCTION("IFERROR(INDEX(FILTER($D$46:$D$147,((($A$46:$A$147=TRUE)+($A$46:$A$147=""☑"")+($A$46:$A$147=""✓"")+($A$46:$A$147=""✔""))>0)*($B$46:$B$147=$A$5)*($C$46:$C$147=B$4)),ROWS(B$5:B6)),"""")"),"Old Testament") -> Old Testament | C6: =IFERROR(__xludf.DUMMYFUNCTION("IFERROR(INDEX(FILTER($D$46:$D$147,((($A$46:$A$147=TRUE)+($A$46:$A$147=""☑"")+($A$46:$A$147=""✓"")+($A$46:$A$147=""✔""))>0)*($B$46:$B$147=$A$5)*($C$46:$C$147=C$4)),ROWS(C$5:C6)),"""")"),"") | D6: =IFERROR(__xludf.DUMMYFUNCTION("IFERROR(INDEX(FILTER($D$46:$D$147,((($A$46:$A$147=TRUE)+($A$46:$A$147=""☑"")+($A$46:$A$147=""✓"")+($A$46:$A$147=""✔""))>0)*($B$46:$B$147=$A$5)*($C$46:$C$147=D$4)),ROWS(D$5:D6)),"""")"),"Tales / Fairy Tales / Myths") -> Tales / Fairy Tales / Myths | E6: =IFERROR(__xludf.DUMMYFUNCTION("IFERROR(INDEX(FILTER($D$46:$D$147,((($A$46:$A$147=TRUE)+($A$46:$A$147=""☑"")+($A$46:$A$147=""✓"")+($A$46:$A$147=""✔""))>0)*($B$46:$B$147=$A$5)*($C$46:$C$147=E$4)),ROWS(E$5:E6)),"""")"),"") | F6: =IFERROR(__xludf.DUMMYFUNCTION("IFERROR(INDEX(FILTER($D$46:$D$147,((($A$46:$A$147=TRUE)+($A$46:$A$147=""☑"")+($A$46:$A$147=""✓"")+($A$46:$A$147=""✔""))>0)*($B$46:$B$147=$A$5)*($C$46:$C$147=F$4)),ROWS(F$5:F6)),"""")"),"") | G6: =IFERROR(__xludf.DUMMYFUNCTION("IFERROR(INDEX(FILTER($D$46:$D$147,((($A$46:$A$147=TRUE)+($A$46:$A$147=""☑"")+($A$46:$A$147=""✓"")+($A$46:$A$147=""✔""))>0)*($B$46:$B$147=$A$5)*($C$46:$C$147=G$4)),ROWS(G$5:G6)),"""")"),"") | H6: =IFERROR(__xludf.DUMMYFUNCTION("IFERROR(INDEX(FILTER($D$46:$D$147,((($A$46:$A$147=TRUE)+($A$46:$A$147=""☑"")+($A$46:$A$147=""✓"")+($A$46:$A$147=""✔""))>0)*($B$46:$B$147=$A$5)*($C$46:$C$147=H$4)),ROWS(H$5:H6)),"""")"),"") | I6: =IFERROR(__xludf.DUMMYFUNCTION("IFERROR(INDEX(FILTER($D$46:$D$147,((($A$46:$A$147=TRUE)+($A$46:$A$147=""☑"")+($A$46:$A$147=""✓"")+($A$46:$A$147=""✔""))>0)*($B$46:$B$147=$A$5)*($C$46:$C$147=I$4)),ROWS(I$5:I6)),"""")"),"") | J6: =IFERROR(__xludf.DUMMYFUNCTION("IFERROR(INDEX(FILTER($D$46:$D$147,((($A$46:$A$147=TRUE)+($A$46:$A$147=""☑"")+($A$46:$A$147=""✓"")+($A$46:$A$147=""✔""))>0)*($B$46:$B$147=$A$5)*($C$46:$C$147=J$4)),ROWS(J$5:J6)),"""")"),"Folk Song") -> Folk Song | K6: =IFERROR(__xludf.DUMMYFUNCTION("IFERROR(INDEX(FILTER($D$46:$D$147,((($A$46:$A$147=TRUE)+($A$46:$A$147=""☑"")+($A$46:$A$147=""✓"")+($A$46:$A$147=""✔""))>0)*($B$46:$B$147=$A$5)*($C$46:$C$147=K$4)),ROWS(K$5:K6)),"""")"),"")
B7: =IFERROR(__xludf.DUMMYFUNCTION("IFERROR(INDEX(FILTER($D$46:$D$147,((($A$46:$A$147=TRUE)+($A$46:$A$147=""☑"")+($A$46:$A$147=""✓"")+($A$46:$A$147=""✔""))>0)*($B$46:$B$147=$A$5)*($C$46:$C$147=B$4)),ROWS(B$5:B7)),"""")"),"Psalms / Proverbs") -> Psalms / Proverbs | C7: =IFERROR(__xludf.DUMMYFUNCTION("IFERROR(INDEX(FILTER($D$46:$D$147,((($A$46:$A$147=TRUE)+($A$46:$A$147=""☑"")+($A$46:$A$147=""✓"")+($A$46:$A$147=""✔""))>0)*($B$46:$B$147=$A$5)*($C$46:$C$147=C$4)),ROWS(C$5:C7)),"""")"),"") | D7: =IFERROR(__xludf.DUMMYFUNCTION("IFERROR(INDEX(FILTER($D$46:$D$147,((($A$46:$A$147=TRUE)+($A$46:$A$147=""☑"")+($A$46:$A$147=""✓"")+($A$46:$A$147=""✔""))>0)*($B$46:$B$147=$A$5)*($C$46:$C$147=D$4)),ROWS(D$5:D7)),"""")"),"") | E7: =IFERROR(__xludf.DUMMYFUNCTION("IFERROR(INDEX(FILTER($D$46:$D$147,((($A$46:$A$147=TRUE)+($A$46:$A$147=""☑"")+($A$46:$A$147=""✓"")+($A$46:$A$147=""✔""))>0)*($B$46:$B$147=$A$5)*($C$46:$C$147=E$4)),ROWS(E$5:E7)),"""")"),"") | F7: =IFERROR(__xludf.DUMMYFUNCTION("IFERROR(INDEX(FILTER($D$46:$D$147,((($A$46:$A$147=TRUE)+($A$46:$A$147=""☑"")+($A$46:$A$147=""✓"")+($A$46:$A$147=""✔""))>0)*($B$46:$B$147=$A$5)*($C$46:$C$147=F$4)),ROWS(F$5:F7)),"""")"),"") | G7: =IFERROR(__xludf.DUMMYFUNCTION("IFERROR(INDEX(FILTER($D$46:$D$147,((($A$46:$A$147=TRUE)+($A$46:$A$147=""☑"")+($A$46:$A$147=""✓"")+($A$46:$A$147=""✔""))>0)*($B$46:$B$147=$A$5)*($C$46:$C$147=G$4)),ROWS(G$5:G7)),"""")"),"") | H7: =IFERROR(__xludf.DUMMYFUNCTION("IFERROR(INDEX(FILTER($D$46:$D$147,((($A$46:$A$147=TRUE)+($A$46:$A$147=""☑"")+($A$46:$A$147=""✓"")+($A$46:$A$147=""✔""))>0)*($B$46:$B$147=$A$5)*($C$46:$C$147=H$4)),ROWS(H$5:H7)),"""")"),"") | I7: =IFERROR(__xludf.DUMMYFUNCTION("IFERROR(INDEX(FILTER($D$46:$D$147,((($A$46:$A$147=TRUE)+($A$46:$A$147=""☑"")+($A$46:$A$147=""✓"")+($A$46:$A$147=""✔""))>0)*($B$46:$B$147=$A$5)*($C$46:$C$147=I$4)),ROWS(I$5:I7)),"""")"),"") | J7: =IFERROR(__xludf.DUMMYFUNCTION("IFERROR(INDEX(FILTER($D$46:$D$147,((($A$46:$A$147=TRUE)+($A$46:$A$147=""☑"")+($A$46:$A$147=""✓"")+($A$46:$A$147=""✔""))>0)*($B$46:$B$147=$A$5)*($C$46:$C$147=J$4)),ROWS(J$5:J7)),"""")"),"Poetry") -> Poetry | K7: =IFERROR(__xludf.DUMMYFUNCTION("IFERROR(INDEX(FILTER($D$46:$D$147,((($A$46:$A$147=TRUE)+($A$46:$A$147=""☑"")+($A$46:$A$147=""✓"")+($A$46:$A$147=""✔""))>0)*($B$46:$B$147=$A$5)*($C$46:$C$147=K$4)),ROWS(K$5:K7)),"""")"),"")
B8: =IFERROR(__xludf.DUMMYFUNCTION("IFERROR(INDEX(FILTER($D$46:$D$147,((($A$46:$A$147=TRUE)+($A$46:$A$147=""☑"")+($A$46:$A$147=""✓"")+($A$46:$A$147=""✔""))>0)*($B$46:$B$147=$A$5)*($C$46:$C$147=B$4)),ROWS(B$5:B8)),"""")"),"Scripture Memory") -> Scripture Memory | C8: =IFERROR(__xludf.DUMMYFUNCTION("IFERROR(INDEX(FILTER($D$46:$D$147,((($A$46:$A$147=TRUE)+($A$46:$A$147=""☑"")+($A$46:$A$147=""✓"")+($A$46:$A$147=""✔""))>0)*($B$46:$B$147=$A$5)*($C$46:$C$147=C$4)),ROWS(C$5:C8)),"""")"),"") | D8: =IFERROR(__xludf.DUMMYFUNCTION("IFERROR(INDEX(FILTER($D$46:$D$147,((($A$46:$A$147=TRUE)+($A$46:$A$147=""☑"")+($A$46:$A$147=""✓"")+($A$46:$A$147=""✔""))>0)*($B$46:$B$147=$A$5)*($C$46:$C$147=D$4)),ROWS(D$5:D8)),"""")"),"") | E8: =IFERROR(__xludf.DUMMYFUNCTION("IFERROR(INDEX(FILTER($D$46:$D$147,((($A$46:$A$147=TRUE)+($A$46:$A$147=""☑"")+($A$46:$A$147=""✓"")+($A$46:$A$147=""✔""))>0)*($B$46:$B$147=$A$5)*($C$46:$C$147=E$4)),ROWS(E$5:E8)),"""")"),"") | F8: =IFERROR(__xludf.DUMMYFUNCTION("IFERROR(INDEX(FILTER($D$46:$D$147,((($A$46:$A$147=TRUE)+($A$46:$A$147=""☑"")+($A$46:$A$147=""✓"")+($A$46:$A$147=""✔""))>0)*($B$46:$B$147=$A$5)*($C$46:$C$147=F$4)),ROWS(F$5:F8)),"""")"),"") | G8: =IFERROR(__xludf.DUMMYFUNCTION("IFERROR(INDEX(FILTER($D$46:$D$147,((($A$46:$A$147=TRUE)+($A$46:$A$147=""☑"")+($A$46:$A$147=""✓"")+($A$46:$A$147=""✔""))>0)*($B$46:$B$147=$A$5)*($C$46:$C$147=G$4)),ROWS(G$5:G8)),"""")"),"") | H8: =IFERROR(__xludf.DUMMYFUNCTION("IFERROR(INDEX(FILTER($D$46:$D$147,((($A$46:$A$147=TRUE)+($A$46:$A$147=""☑"")+($A$46:$A$147=""✓"")+($A$46:$A$147=""✔""))>0)*($B$46:$B$147=$A$5)*($C$46:$C$147=H$4)),ROWS(H$5:H8)),"""")"),"") | I8: =IFERROR(__xludf.DUMMYFUNCTION("IFERROR(INDEX(FILTER($D$46:$D$147,((($A$46:$A$147=TRUE)+($A$46:$A$147=""☑"")+($A$46:$A$147=""✓"")+($A$46:$A$147=""✔""))>0)*($B$46:$B$147=$A$5)*($C$46:$C$147=I$4)),ROWS(I$5:I8)),"""")"),"") | J8: =IFERROR(__xludf.DUMMYFUNCTION("IFERROR(INDEX(FILTER($D$46:$D$147,((($A$46:$A$147=TRUE)+($A$46:$A$147=""☑"")+($A$46:$A$147=""✓"")+($A$46:$A$147=""✔""))>0)*($B$46:$B$147=$A$5)*($C$46:$C$147=J$4)),ROWS(J$5:J8)),"""")"),"Picture Study") -> Picture Study | K8: =IFERROR(__xludf.DUMMYFUNCTION("IFERROR(INDEX(FILTER($D$46:$D$147,((($A$46:$A$147=TRUE)+($A$46:$A$147=""☑"")+($A$46:$A$147=""✓"")+($A$46:$A$147=""✔""))>0)*($B$46:$B$147=$A$5)*($C$46:$C$147=K$4)),ROWS(K$5:K8)),"""")"),"")
B9: =IFERROR(__xludf.DUMMYFUNCTION("IFERROR(INDEX(FILTER($D$46:$D$147,((($A$46:$A$147=TRUE)+($A$46:$A$147=""☑"")+($A$46:$A$147=""✓"")+($A$46:$A$147=""✔""))>0)*($B$46:$B$147=$A$5)*($C$46:$C$147=B$4)),ROWS(B$5:B9)),"""")"),"") | C9: =IFERROR(__xludf.DUMMYFUNCTION("IFERROR(INDEX(FILTER($D$46:$D$147,((($A$46:$A$147=TRUE)+($A$46:$A$147=""☑"")+($A$46:$A$147=""✓"")+($A$46:$A$147=""✔""))>0)*($B$46:$B$147=$A$5)*($C$46:$C$147=C$4)),ROWS(C$5:C9)),"""")"),"") | D9: =IFERROR(__xludf.DUMMYFUNCTION("IFERROR(INDEX(FILTER($D$46:$D$147,((($A$46:$A$147=TRUE)+($A$46:$A$147=""☑"")+($A$46:$A$147=""✓"")+($A$46:$A$147=""✔""))>0)*($B$46:$B$147=$A$5)*($C$46:$C$147=D$4)),ROWS(D$5:D9)),"""")"),"") | E9: =IFERROR(__xludf.DUMMYFUNCTION("IFERROR(INDEX(FILTER($D$46:$D$147,((($A$46:$A$147=TRUE)+($A$46:$A$147=""☑"")+($A$46:$A$147=""✓"")+($A$46:$A$147=""✔""))>0)*($B$46:$B$147=$A$5)*($C$46:$C$147=E$4)),ROWS(E$5:E9)),"""")"),"") | F9: =IFERROR(__xludf.DUMMYFUNCTION("IFERROR(INDEX(FILTER($D$46:$D$147,((($A$46:$A$147=TRUE)+($A$46:$A$147=""☑"")+($A$46:$A$147=""✓"")+($A$46:$A$147=""✔""))>0)*($B$46:$B$147=$A$5)*($C$46:$C$147=F$4)),ROWS(F$5:F9)),"""")"),"") | G9: =IFERROR(__xludf.DUMMYFUNCTION("IFERROR(INDEX(FILTER($D$46:$D$147,((($A$46:$A$147=TRUE)+($A$46:$A$147=""☑"")+($A$46:$A$147=""✓"")+($A$46:$A$147=""✔""))>0)*($B$46:$B$147=$A$5)*($C$46:$C$147=G$4)),ROWS(G$5:G9)),"""")"),"") | H9: =IFERROR(__xludf.DUMMYFUNCTION("IFERROR(INDEX(FILTER($D$46:$D$147,((($A$46:$A$147=TRUE)+($A$46:$A$147=""☑"")+($A$46:$A$147=""✓"")+($A$46:$A$147=""✔""))>0)*($B$46:$B$147=$A$5)*($C$46:$C$147=H$4)),ROWS(H$5:H9)),"""")"),"") | I9: =IFERROR(__xludf.DUMMYFUNCTION("IFERROR(INDEX(FILTER($D$46:$D$147,((($A$46:$A$147=TRUE)+($A$46:$A$147=""☑"")+($A$46:$A$147=""✓"")+($A$46:$A$147=""✔""))>0)*($B$46:$B$147=$A$5)*($C$46:$C$147=I$4)),ROWS(I$5:I9)),"""")"),"") | J9: =IFERROR(__xludf.DUMMYFUNCTION("IFERROR(INDEX(FILTER($D$46:$D$147,((($A$46:$A$147=TRUE)+($A$46:$A$147=""☑"")+($A$46:$A$147=""✓"")+($A$46:$A$147=""✔""))>0)*($B$46:$B$147=$A$5)*($C$46:$C$147=J$4)),ROWS(J$5:J9)),"""")"),"Composer Study") -> Composer Study | K9: =IFERROR(__xludf.DUMMYFUNCTION("IFERROR(INDEX(FILTER($D$46:$D$147,((($A$46:$A$147=TRUE)+($A$46:$A$147=""☑"")+($A$46:$A$147=""✓"")+($A$46:$A$147=""✔""))>0)*($B$46:$B$147=$A$5)*($C$46:$C$147=K$4)),ROWS(K$5:K9)),"""")"),"")
A11: Form I | B11: =IFERROR(__xludf.DUMMYFUNCTION("IFERROR(INDEX(FILTER($D$46:$D$147,((($A$46:$A$147=TRUE)+($A$46:$A$147=""☑"")+($A$46:$A$147=""✓"")+($A$46:$A$147=""✔""))>0)*($B$46:$B$147=$A$11)*($C$46:$C$147=B$4)),ROWS(B$11:B11)),"""")"),"") | C11: =IFERROR(__xludf.DUMMYFUNCTION("IFERROR(INDEX(FILTER($D$46:$D$147,((($A$46:$A$147=TRUE)+($A$46:$A$147=""☑"")+($A$46:$A$147=""✓"")+($A$46:$A$147=""✔""))>0)*($B$46:$B$147=$A$11)*($C$46:$C$147=C$4)),ROWS(C$11:C11)),"""")"),"Reading Practice / Phonics") -> Reading Practice / Phonics | D11: =IFERROR(__xludf.DUMMYFUNCTION("IFERROR(INDEX(FILTER($D$46:$D$147,((($A$46:$A$147=TRUE)+($A$46:$A$147=""☑"")+($A$46:$A$147=""✓"")+($A$46:$A$147=""✔""))>0)*($B$46:$B$147=$A$11)*($C$46:$C$147=D$4)),ROWS(D$11:D11)),"""")"),"Reader / Phonics") -> Reader / Phonics | E11: =IFERROR(__xludf.DUMMYFUNCTION("IFERROR(INDEX(FILTER($D$46:$D$147,((($A$46:$A$147=TRUE)+($A$46:$A$147=""☑"")+($A$46:$A$147=""✓"")+($A$46:$A$147=""✔""))>0)*($B$46:$B$147=$A$11)*($C$46:$C$147=E$4)),ROWS(E$11:E11)),"""")"),"Picture Books") -> Picture Books | F11: =IFERROR(__xludf.DUMMYFUNCTION("IFERROR(INDEX(FILTER($D$46:$D$147,((($A$46:$A$147=TRUE)+($A$46:$A$147=""☑"")+($A$46:$A$147=""✓"")+($A$46:$A$147=""✔""))>0)*($B$46:$B$147=$A$11)*($C$46:$C$147=F$4)),ROWS(F$11:F11)),"""")"),"Map / Place Stories") -> Map / Place Stories | G11: =IFERROR(__xludf.DUMMYFUNCTION("IFERROR(INDEX(FILTER($D$46:$D$147,((($A$46:$A$147=TRUE)+($A$46:$A$147=""☑"")+($A$46:$A$147=""✓"")+($A$46:$A$147=""✔""))>0)*($B$46:$B$147=$A$11)*($C$46:$C$147=G$4)),ROWS(G$11:G11)),"""")"),"") | H11: =IFERROR(__xludf.DUMMYFUNCTION("IFERROR(INDEX(FILTER($D$46:$D$147,((($A$46:$A$147=TRUE)+($A$46:$A$147=""☑"")+($A$46:$A$147=""✓"")+($A$46:$A$147=""✔""))>0)*($B$46:$B$147=$A$11)*($C$46:$C$147=H$4)),ROWS(H$11:H11)),"""")"),"") | I11: =IFERROR(__xludf.DUMMYFUNCTION("IFERROR(INDEX(FILTER($D$46:$D$147,((($A$46:$A$147=TRUE)+($A$46:$A$147=""☑"")+($A$46:$A$147=""✓"")+($A$46:$A$147=""✔""))>0)*($B$46:$B$147=$A$11)*($C$46:$C$147=I$4)),ROWS(I$11:I11)),"""")"),"Math") -> Math | J11: =IFERROR(__xludf.DUMMYFUNCTION("IFERROR(INDEX(FILTER($D$46:$D$147,((($A$46:$A$147=TRUE)+($A$46:$A$147=""☑"")+($A$46:$A$147=""✓"")+($A$46:$A$147=""✔""))>0)*($B$46:$B$147=$A$11)*($C$46:$C$147=J$4)),ROWS(J$11:J11)),"""")"),"Drawing / Brush Drawing") -> Drawing / Brush Drawing | K11: =IFERROR(__xludf.DUMMYFUNCTION("IFERROR(INDEX(FILTER($D$46:$D$147,((($A$46:$A$147=TRUE)+($A$46:$A$147=""☑"")+($A$46:$A$147=""✓"")+($A$46:$A$147=""✔""))>0)*($B$46:$B$147=$A$11)*($C$46:$C$147=K$4)),ROWS(K$11:K11)),"""")"),"")
B12: =IFERROR(__xludf.DUMMYFUNCTION("IFERROR(INDEX(FILTER($D$46:$D$147,((($A$46:$A$147=TRUE)+($A$46:$A$147=""☑"")+($A$46:$A$147=""✓"")+($A$46:$A$147=""✔""))>0)*($B$46:$B$147=$A$11)*($C$46:$C$147=B$4)),ROWS(B$11:B12)),"""")"),"") | C12: =IFERROR(__xludf.DUMMYFUNCTION("IFERROR(INDEX(FILTER($D$46:$D$147,((($A$46:$A$147=TRUE)+($A$46:$A$147=""☑"")+($A$46:$A$147=""✓"")+($A$46:$A$147=""✔""))>0)*($B$46:$B$147=$A$11)*($C$46:$C$147=C$4)),ROWS(C$11:C12)),"""")"),"Copywork") -> Copywork | D12: =IFERROR(__xludf.DUMMYFUNCTION("IFERROR(INDEX(FILTER($D$46:$D$147,((($A$46:$A$147=TRUE)+($A$46:$A$147=""☑"")+($A$46:$A$147=""✓"")+($A$46:$A$147=""✔""))>0)*($B$46:$B$147=$A$11)*($C$46:$C$147=D$4)),ROWS(D$11:D12)),"""")"),"") | E12: =IFERROR(__xludf.DUMMYFUNCTION("IFERROR(INDEX(FILTER($D$46:$D$147,((($A$46:$A$147=TRUE)+($A$46:$A$147=""☑"")+($A$46:$A$147=""✓"")+($A$46:$A$147=""✔""))>0)*($B$46:$B$147=$A$11)*($C$46:$C$147=E$4)),ROWS(E$11:E12)),"""")"),"Early History Stories") -> Early History Stories | F12: =IFERROR(__xludf.DUMMYFUNCTION("IFERROR(INDEX(FILTER($D$46:$D$147,((($A$46:$A$147=TRUE)+($A$46:$A$147=""☑"")+($A$46:$A$147=""✓"")+($A$46:$A$147=""✔""))>0)*($B$46:$B$147=$A$11)*($C$46:$C$147=F$4)),ROWS(F$11:F12)),"""")"),"") | G12: =IFERROR(__xludf.DUMMYFUNCTION("IFERROR(INDEX(FILTER($D$46:$D$147,((($A$46:$A$147=TRUE)+($A$46:$A$147=""☑"")+($A$46:$A$147=""✓"")+($A$46:$A$147=""✔""))>0)*($B$46:$B$147=$A$11)*($C$46:$C$147=G$4)),ROWS(G$11:G12)),"""")"),"") | H12: =IFERROR(__xludf.DUMMYFUNCTION("IFERROR(INDEX(FILTER($D$46:$D$147,((($A$46:$A$147=TRUE)+($A$46:$A$147=""☑"")+($A$46:$A$147=""✓"")+($A$46:$A$147=""✔""))>0)*($B$46:$B$147=$A$11)*($C$46:$C$147=H$4)),ROWS(H$11:H12)),"""")"),"") | I12: =IFERROR(__xludf.DUMMYFUNCTION("IFERROR(INDEX(FILTER($D$46:$D$147,((($A$46:$A$147=TRUE)+($A$46:$A$147=""☑"")+($A$46:$A$147=""✓"")+($A$46:$A$147=""✔""))>0)*($B$46:$B$147=$A$11)*($C$46:$C$147=I$4)),ROWS(I$11:I12)),"""")"),"") | J12: =IFERROR(__xludf.DUMMYFUNCTION("IFERROR(INDEX(FILTER($D$46:$D$147,((($A$46:$A$147=TRUE)+($A$46:$A$147=""☑"")+($A$46:$A$147=""✓"")+($A$46:$A$147=""✔""))>0)*($B$46:$B$147=$A$11)*($C$46:$C$147=J$4)),ROWS(J$11:J12)),"""")"),"Handicraft / Work") -> Handicraft / Work | K12: =IFERROR(__xludf.DUMMYFUNCTION("IFERROR(INDEX(FILTER($D$46:$D$147,((($A$46:$A$147=TRUE)+($A$46:$A$147=""☑"")+($A$46:$A$147=""✓"")+($A$46:$A$147=""✔""))>0)*($B$46:$B$147=$A$11)*($C$46:$C$147=K$4)),ROWS(K$11:K12)),"""")"),"")
B13: =IFERROR(__xludf.DUMMYFUNCTION("IFERROR(INDEX(FILTER($D$46:$D$147,((($A$46:$A$147=TRUE)+($A$46:$A$147=""☑"")+($A$46:$A$147=""✓"")+($A$46:$A$147=""✔""))>0)*($B$46:$B$147=$A$11)*($C$46:$C$147=B$4)),ROWS(B$11:B13)),"""")"),"") | C13: =IFERROR(__xludf.DUMMYFUNCTION("IFERROR(INDEX(FILTER($D$46:$D$147,((($A$46:$A$147=TRUE)+($A$46:$A$147=""☑"")+($A$46:$A$147=""✓"")+($A$46:$A$147=""✔""))>0)*($B$46:$B$147=$A$11)*($C$46:$C$147=C$4)),ROWS(C$11:C13)),"""")"),"Oral Narration") -> Oral Narration | D13: =IFERROR(__xludf.DUMMYFUNCTION("IFERROR(INDEX(FILTER($D$46:$D$147,((($A$46:$A$147=TRUE)+($A$46:$A$147=""☑"")+($A$46:$A$147=""✓"")+($A$46:$A$147=""✔""))>0)*($B$46:$B$147=$A$11)*($C$46:$C$147=D$4)),ROWS(D$11:D13)),"""")"),"") | E13: =IFERROR(__xludf.DUMMYFUNCTION("IFERROR(INDEX(FILTER($D$46:$D$147,((($A$46:$A$147=TRUE)+($A$46:$A$147=""☑"")+($A$46:$A$147=""✓"")+($A$46:$A$147=""✔""))>0)*($B$46:$B$147=$A$11)*($C$46:$C$147=E$4)),ROWS(E$11:E13)),"""")"),"") | F13: =IFERROR(__xludf.DUMMYFUNCTION("IFERROR(INDEX(FILTER($D$46:$D$147,((($A$46:$A$147=TRUE)+($A$46:$A$147=""☑"")+($A$46:$A$147=""✓"")+($A$46:$A$147=""✔""))>0)*($B$46:$B$147=$A$11)*($C$46:$C$147=F$4)),ROWS(F$11:F13)),"""")"),"") | G13: =IFERROR(__xludf.DUMMYFUNCTION("IFERROR(INDEX(FILTER($D$46:$D$147,((($A$46:$A$147=TRUE)+($A$46:$A$147=""☑"")+($A$46:$A$147=""✓"")+($A$46:$A$147=""✔""))>0)*($B$46:$B$147=$A$11)*($C$46:$C$147=G$4)),ROWS(G$11:G13)),"""")"),"") | H13: =IFERROR(__xludf.DUMMYFUNCTION("IFERROR(INDEX(FILTER($D$46:$D$147,((($A$46:$A$147=TRUE)+($A$46:$A$147=""☑"")+($A$46:$A$147=""✓"")+($A$46:$A$147=""✔""))>0)*($B$46:$B$147=$A$11)*($C$46:$C$147=H$4)),ROWS(H$11:H13)),"""")"),"") | I13: =IFERROR(__xludf.DUMMYFUNCTION("IFERROR(INDEX(FILTER($D$46:$D$147,((($A$46:$A$147=TRUE)+($A$46:$A$147=""☑"")+($A$46:$A$147=""✓"")+($A$46:$A$147=""✔""))>0)*($B$46:$B$147=$A$11)*($C$46:$C$147=I$4)),ROWS(I$11:I13)),"""")"),"") | J13: =IFERROR(__xludf.DUMMYFUNCTION("IFERROR(INDEX(FILTER($D$46:$D$147,((($A$46:$A$147=TRUE)+($A$46:$A$147=""☑"")+($A$46:$A$147=""✓"")+($A$46:$A$147=""✔""))>0)*($B$46:$B$147=$A$11)*($C$46:$C$147=J$4)),ROWS(J$11:J13)),"""")"),"") | K13: =IFERROR(__xludf.DUMMYFUNCTION("IFERROR(INDEX(FILTER($D$46:$D$147,((($A$46:$A$147=TRUE)+($A$46:$A$147=""☑"")+($A$46:$A$147=""✓"")+($A$46:$A$147=""✔""))>0)*($B$46:$B$147=$A$11)*($C$46:$C$147=K$4)),ROWS(K$11:K13)),"""")"),"")
B14: =IFERROR(__xludf.DUMMYFUNCTION("IFERROR(INDEX(FILTER($D$46:$D$147,((($A$46:$A$147=TRUE)+($A$46:$A$147=""☑"")+($A$46:$A$147=""✓"")+($A$46:$A$147=""✔""))>0)*($B$46:$B$147=$A$11)*($C$46:$C$147=B$4)),ROWS(B$11:B14)),"""")"),"") | C14: =IFERROR(__xludf.DUMMYFUNCTION("IFERROR(INDEX(FILTER($D$46:$D$147,((($A$46:$A$147=TRUE)+($A$46:$A$147=""☑"")+($A$46:$A$147=""✓"")+($A$46:$A$147=""✔""))>0)*($B$46:$B$147=$A$11)*($C$46:$C$147=C$4)),ROWS(C$11:C14)),"""")"),"") | D14: =IFERROR(__xludf.DUMMYFUNCTION("IFERROR(INDEX(FILTER($D$46:$D$147,((($A$46:$A$147=TRUE)+($A$46:$A$147=""☑"")+($A$46:$A$147=""✓"")+($A$46:$A$147=""✔""))>0)*($B$46:$B$147=$A$11)*($C$46:$C$147=D$4)),ROWS(D$11:D14)),"""")"),"") | E14: =IFERROR(__xludf.DUMMYFUNCTION("IFERROR(INDEX(FILTER($D$46:$D$147,((($A$46:$A$147=TRUE)+($A$46:$A$147=""☑"")+($A$46:$A$147=""✓"")+($A$46:$A$147=""✔""))>0)*($B$46:$B$147=$A$11)*($C$46:$C$147=E$4)),ROWS(E$11:E14)),"""")"),"") | F14: =IFERROR(__xludf.DUMMYFUNCTION("IFERROR(INDEX(FILTER($D$46:$D$147,((($A$46:$A$147=TRUE)+($A$46:$A$147=""☑"")+($A$46:$A$147=""✓"")+($A$46:$A$147=""✔""))>0)*($B$46:$B$147=$A$11)*($C$46:$C$147=F$4)),ROWS(F$11:F14)),"""")"),"") | G14: =IFERROR(__xludf.DUMMYFUNCTION("IFERROR(INDEX(FILTER($D$46:$D$147,((($A$46:$A$147=TRUE)+($A$46:$A$147=""☑"")+($A$46:$A$147=""✓"")+($A$46:$A$147=""✔""))>0)*($B$46:$B$147=$A$11)*($C$46:$C$147=G$4)),ROWS(G$11:G14)),"""")"),"") | H14: =IFERROR(__xludf.DUMMYFUNCTION("IFERROR(INDEX(FILTER($D$46:$D$147,((($A$46:$A$147=TRUE)+($A$46:$A$147=""☑"")+($A$46:$A$147=""✓"")+($A$46:$A$147=""✔""))>0)*($B$46:$B$147=$A$11)*($C$46:$C$147=H$4)),ROWS(H$11:H14)),"""")"),"") | I14: =IFERROR(__xludf.DUMMYFUNCTION("IFERROR(INDEX(FILTER($D$46:$D$147,((($A$46:$A$147=TRUE)+($A$46:$A$147=""☑"")+($A$46:$A$147=""✓"")+($A$46:$A$147=""✔""))>0)*($B$46:$B$147=$A$11)*($C$46:$C$147=I$4)),ROWS(I$11:I14)),"""")"),"") | J14: =IFERROR(__xludf.DUMMYFUNCTION("IFERROR(INDEX(FILTER($D$46:$D$147,((($A$46:$A$147=TRUE)+($A$46:$A$147=""☑"")+($A$46:$A$147=""✓"")+($A$46:$A$147=""✔""))>0)*($B$46:$B$147=$A$11)*($C$46:$C$147=J$4)),ROWS(J$11:J14)),"""")"),"") | K14: =IFERROR(__xludf.DUMMYFUNCTION("IFERROR(INDEX(FILTER($D$46:$D$147,((($A$46:$A$147=TRUE)+($A$46:$A$147=""☑"")+($A$46:$A$147=""✓"")+($A$46:$A$147=""✔""))>0)*($B$46:$B$147=$A$11)*($C$46:$C$147=K$4)),ROWS(K$11:K14)),"""")"),"")
B15: =IFERROR(__xludf.DUMMYFUNCTION("IFERROR(INDEX(FILTER($D$46:$D$147,((($A$46:$A$147=TRUE)+($A$46:$A$147=""☑"")+($A$46:$A$147=""✓"")+($A$46:$A$147=""✔""))>0)*($B$46:$B$147=$A$11)*($C$46:$C$147=B$4)),ROWS(B$11:B15)),"""")"),"") | C15: =IFERROR(__xludf.DUMMYFUNCTION("IFERROR(INDEX(FILTER($D$46:$D$147,((($A$46:$A$147=TRUE)+($A$46:$A$147=""☑"")+($A$46:$A$147=""✓"")+($A$46:$A$147=""✔""))>0)*($B$46:$B$147=$A$11)*($C$46:$C$147=C$4)),ROWS(C$11:C15)),"""")"),"") | D15: =IFERROR(__xludf.DUMMYFUNCTION("IFERROR(INDEX(FILTER($D$46:$D$147,((($A$46:$A$147=TRUE)+($A$46:$A$147=""☑"")+($A$46:$A$147=""✓"")+($A$46:$A$147=""✔""))>0)*($B$46:$B$147=$A$11)*($C$46:$C$147=D$4)),ROWS(D$11:D15)),"""")"),"") | E15: =IFERROR(__xludf.DUMMYFUNCTION("IFERROR(INDEX(FILTER($D$46:$D$147,((($A$46:$A$147=TRUE)+($A$46:$A$147=""☑"")+($A$46:$A$147=""✓"")+($A$46:$A$147=""✔""))>0)*($B$46:$B$147=$A$11)*($C$46:$C$147=E$4)),ROWS(E$11:E15)),"""")"),"") | F15: =IFERROR(__xludf.DUMMYFUNCTION("IFERROR(INDEX(FILTER($D$46:$D$147,((($A$46:$A$147=TRUE)+($A$46:$A$147=""☑"")+($A$46:$A$147=""✓"")+($A$46:$A$147=""✔""))>0)*($B$46:$B$147=$A$11)*($C$46:$C$147=F$4)),ROWS(F$11:F15)),"""")"),"") | G15: =IFERROR(__xludf.DUMMYFUNCTION("IFERROR(INDEX(FILTER($D$46:$D$147,((($A$46:$A$147=TRUE)+($A$46:$A$147=""☑"")+($A$46:$A$147=""✓"")+($A$46:$A$147=""✔""))>0)*($B$46:$B$147=$A$11)*($C$46:$C$147=G$4)),ROWS(G$11:G15)),"""")"),"") | H15: =IFERROR(__xludf.DUMMYFUNCTION("IFERROR(INDEX(FILTER($D$46:$D$147,((($A$46:$A$147=TRUE)+($A$46:$A$147=""☑"")+($A$46:$A$147=""✓"")+($A$46:$A$147=""✔""))>0)*($B$46:$B$147=$A$11)*($C$46:$C$147=H$4)),ROWS(H$11:H15)),"""")"),"") | I15: =IFERROR(__xludf.DUMMYFUNCTION("IFERROR(INDEX(FILTER($D$46:$D$147,((($A$46:$A$147=TRUE)+($A$46:$A$147=""☑"")+($A$46:$A$147=""✓"")+($A$46:$A$147=""✔""))>0)*($B$46:$B$147=$A$11)*($C$46:$C$147=I$4)),ROWS(I$11:I15)),"""")"),"") | J15: =IFERROR(__xludf.DUMMYFUNCTION("IFERROR(INDEX(FILTER($D$46:$D$147,((($A$46:$A$147=TRUE)+($A$46:$A$147=""☑"")+($A$46:$A$147=""✓"")+($A$46:$A$147=""✔""))>0)*($B$46:$B$147=$A$11)*($C$46:$C$147=J$4)),ROWS(J$11:J15)),"""")"),"") | K15: =IFERROR(__xludf.DUMMYFUNCTION("IFERROR(INDEX(FILTER($D$46:$D$147,((($A$46:$A$147=TRUE)+($A$46:$A$147=""☑"")+($A$46:$A$147=""✓"")+($A$46:$A$147=""✔""))>0)*($B$46:$B$147=$A$11)*($C$46:$C$147=K$4)),ROWS(K$11:K15)),"""")"),"")
A17: Form II | B17: =IFERROR(__xludf.DUMMYFUNCTION("IFERROR(INDEX(FILTER($D$46:$D$147,((($A$46:$A$147=TRUE)+($A$46:$A$147=""☑"")+($A$46:$A$147=""✓"")+($A$46:$A$147=""✔""))>0)*($B$46:$B$147=$A$17)*($C$46:$C$147=B$4)),ROWS(B$17:B17)),"""")"),"") | C17: =IFERROR(__xludf.DUMMYFUNCTION("IFERROR(INDEX(FILTER($D$46:$D$147,((($A$46:$A$147=TRUE)+($A$46:$A$147=""☑"")+($A$46:$A$147=""✓"")+($A$46:$A$147=""✔""))>0)*($B$46:$B$147=$A$17)*($C$46:$C$147=C$4)),ROWS(C$17:C17)),"""")"),"Dictation") -> Dictation | D17: =IFERROR(__xludf.DUMMYFUNCTION("IFERROR(INDEX(FILTER($D$46:$D$147,((($A$46:$A$147=TRUE)+($A$46:$A$147=""☑"")+($A$46:$A$147=""✓"")+($A$46:$A$147=""✔""))>0)*($B$46:$B$147=$A$17)*($C$46:$C$147=D$4)),ROWS(D$17:D17)),"""")"),"Literature") -> Literature | E17: =IFERROR(__xludf.DUMMYFUNCTION("IFERROR(INDEX(FILTER($D$46:$D$147,((($A$46:$A$147=TRUE)+($A$46:$A$147=""☑"")+($A$46:$A$147=""✓"")+($A$46:$A$147=""✔""))>0)*($B$46:$B$147=$A$17)*($C$46:$C$147=E$4)),ROWS(E$17:E17)),"""")"),"History Spine") -> History Spine | F17: =IFERROR(__xludf.DUMMYFUNCTION("IFERROR(INDEX(FILTER($D$46:$D$147,((($A$46:$A$147=TRUE)+($A$46:$A$147=""☑"")+($A$46:$A$147=""✓"")+($A$46:$A$147=""✔""))>0)*($B$46:$B$147=$A$17)*($C$46:$C$147=F$4)),ROWS(F$17:F17)),"""")"),"Geography Reader") -> Geography Reader | G17: =IFERROR(__xludf.DUMMYFUNCTION("IFERROR(INDEX(FILTER($D$46:$D$147,((($A$46:$A$147=TRUE)+($A$46:$A$147=""☑"")+($A$46:$A$147=""✓"")+($A$46:$A$147=""✔""))>0)*($B$46:$B$147=$A$17)*($C$46:$C$147=G$4)),ROWS(G$17:G17)),"""")"),"Citizenship / Plutarch [IIA]") -> Citizenship / Plutarch [IIA] | H17: =IFERROR(__xludf.DUMMYFUNCTION("IFERROR(INDEX(FILTER($D$46:$D$147,((($A$46:$A$147=TRUE)+($A$46:$A$147=""☑"")+($A$46:$A$147=""✓"")+($A$46:$A$147=""✔""))>0)*($B$46:$B$147=$A$17)*($C$46:$C$147=H$4)),ROWS(H$17:H17)),"""")"),"Natural History") -> Natural History | I17: =IFERROR(__xludf.DUMMYFUNCTION("IFERROR(INDEX(FILTER($D$46:$D$147,((($A$46:$A$147=TRUE)+($A$46:$A$147=""☑"")+($A$46:$A$147=""✓"")+($A$46:$A$147=""✔""))>0)*($B$46:$B$147=$A$17)*($C$46:$C$147=I$4)),ROWS(I$17:I17)),"""")"),"Arithmetic") -> Arithmetic | J17: =IFERROR(__xludf.DUMMYFUNCTION("IFERROR(INDEX(FILTER($D$46:$D$147,((($A$46:$A$147=TRUE)+($A$46:$A$147=""☑"")+($A$46:$A$147=""✓"")+($A$46:$A$147=""✔""))>0)*($B$46:$B$147=$A$17)*($C$46:$C$147=J$4)),ROWS(J$17:J17)),"""")"),"") | K17: =IFERROR(__xludf.DUMMYFUNCTION("IFERROR(INDEX(FILTER($D$46:$D$147,((($A$46:$A$147=TRUE)+($A$46:$A$147=""☑"")+($A$46:$A$147=""✓"")+($A$46:$A$147=""✔""))>0)*($B$46:$B$147=$A$17)*($C$46:$C$147=K$4)),ROWS(K$17:K17)),"""")"),"Modern Language") -> Modern Language
B18: =IFERROR(__xludf.DUMMYFUNCTION("IFERROR(INDEX(FILTER($D$46:$D$147,((($A$46:$A$147=TRUE)+($A$46:$A$147=""☑"")+($A$46:$A$147=""✓"")+($A$46:$A$147=""✔""))>0)*($B$46:$B$147=$A$17)*($C$46:$C$147=B$4)),ROWS(B$17:B18)),"""")"),"") | C18: =IFERROR(__xludf.DUMMYFUNCTION("IFERROR(INDEX(FILTER($D$46:$D$147,((($A$46:$A$147=TRUE)+($A$46:$A$147=""☑"")+($A$46:$A$147=""✓"")+($A$46:$A$147=""✔""))>0)*($B$46:$B$147=$A$17)*($C$46:$C$147=C$4)),ROWS(C$17:C18)),"""")"),"Grammar") -> Grammar | D18: =IFERROR(__xludf.DUMMYFUNCTION("IFERROR(INDEX(FILTER($D$46:$D$147,((($A$46:$A$147=TRUE)+($A$46:$A$147=""☑"")+($A$46:$A$147=""✓"")+($A$46:$A$147=""✔""))>0)*($B$46:$B$147=$A$17)*($C$46:$C$147=D$4)),ROWS(D$17:D18)),"""")"),"Shakespeare option") -> Shakespeare option | E18: =IFERROR(__xludf.DUMMYFUNCTION("IFERROR(INDEX(FILTER($D$46:$D$147,((($A$46:$A$147=TRUE)+($A$46:$A$147=""☑"")+($A$46:$A$147=""✓"")+($A$46:$A$147=""✔""))>0)*($B$46:$B$147=$A$17)*($C$46:$C$147=E$4)),ROWS(E$17:E18)),"""")"),"Biography") -> Biography | F18: =IFERROR(__xludf.DUMMYFUNCTION("IFERROR(INDEX(FILTER($D$46:$D$147,((($A$46:$A$147=TRUE)+($A$46:$A$147=""☑"")+($A$46:$A$147=""✓"")+($A$46:$A$147=""✔""))>0)*($B$46:$B$147=$A$17)*($C$46:$C$147=F$4)),ROWS(F$17:F18)),"""")"),"Map Work") -> Map Work | G18: =IFERROR(__xludf.DUMMYFUNCTION("IFERROR(INDEX(FILTER($D$46:$D$147,((($A$46:$A$147=TRUE)+($A$46:$A$147=""☑"")+($A$46:$A$147=""✓"")+($A$46:$A$147=""✔""))>0)*($B$46:$B$147=$A$17)*($C$46:$C$147=G$4)),ROWS(G$17:G18)),"""")"),"") | H18: =IFERROR(__xludf.DUMMYFUNCTION("IFERROR(INDEX(FILTER($D$46:$D$147,((($A$46:$A$147=TRUE)+($A$46:$A$147=""☑"")+($A$46:$A$147=""✓"")+($A$46:$A$147=""✔""))>0)*($B$46:$B$147=$A$17)*($C$46:$C$147=H$4)),ROWS(H$17:H18)),"""")"),"Science") -> Science | I18: =IFERROR(__xludf.DUMMYFUNCTION("IFERROR(INDEX(FILTER($D$46:$D$147,((($A$46:$A$147=TRUE)+($A$46:$A$147=""☑"")+($A$46:$A$147=""✓"")+($A$46:$A$147=""✔""))>0)*($B$46:$B$147=$A$17)*($C$46:$C$147=I$4)),ROWS(I$17:I18)),"""")"),"Practical Geometry") -> Practical Geometry | J18: =IFERROR(__xludf.DUMMYFUNCTION("IFERROR(INDEX(FILTER($D$46:$D$147,((($A$46:$A$147=TRUE)+($A$46:$A$147=""☑"")+($A$46:$A$147=""✓"")+($A$46:$A$147=""✔""))>0)*($B$46:$B$147=$A$17)*($C$46:$C$147=J$4)),ROWS(J$17:J18)),"""")"),"") | K18: =IFERROR(__xludf.DUMMYFUNCTION("IFERROR(INDEX(FILTER($D$46:$D$147,((($A$46:$A$147=TRUE)+($A$46:$A$147=""☑"")+($A$46:$A$147=""✓"")+($A$46:$A$147=""✔""))>0)*($B$46:$B$147=$A$17)*($C$46:$C$147=K$4)),ROWS(K$17:K18)),"""")"),"Latin [IIA]") -> Latin [IIA]
B19: =IFERROR(__xludf.DUMMYFUNCTION("IFERROR(INDEX(FILTER($D$46:$D$147,((($A$46:$A$147=TRUE)+($A$46:$A$147=""☑"")+($A$46:$A$147=""✓"")+($A$46:$A$147=""✔""))>0)*($B$46:$B$147=$A$17)*($C$46:$C$147=B$4)),ROWS(B$17:B19)),"""")"),"") | C19: =IFERROR(__xludf.DUMMYFUNCTION("IFERROR(INDEX(FILTER($D$46:$D$147,((($A$46:$A$147=TRUE)+($A$46:$A$147=""☑"")+($A$46:$A$147=""✓"")+($A$46:$A$147=""✔""))>0)*($B$46:$B$147=$A$17)*($C$46:$C$147=C$4)),ROWS(C$17:C19)),"""")"),"Written Narration [IIA]") -> Written Narration [IIA] | D19: =IFERROR(__xludf.DUMMYFUNCTION("IFERROR(INDEX(FILTER($D$46:$D$147,((($A$46:$A$147=TRUE)+($A$46:$A$147=""☑"")+($A$46:$A$147=""✓"")+($A$46:$A$147=""✔""))>0)*($B$46:$B$147=$A$17)*($C$46:$C$147=D$4)),ROWS(D$17:D19)),"""")"),"") | E19: =IFERROR(__xludf.DUMMYFUNCTION("IFERROR(INDEX(FILTER($D$46:$D$147,((($A$46:$A$147=TRUE)+($A$46:$A$147=""☑"")+($A$46:$A$147=""✓"")+($A$46:$A$147=""✔""))>0)*($B$46:$B$147=$A$17)*($C$46:$C$147=E$4)),ROWS(E$17:E19)),"""")"),"Ancient History [IIA]") -> Ancient History [IIA] | F19: =IFERROR(__xludf.DUMMYFUNCTION("IFERROR(INDEX(FILTER($D$46:$D$147,((($A$46:$A$147=TRUE)+($A$46:$A$147=""☑"")+($A$46:$A$147=""✓"")+($A$46:$A$147=""✔""))>0)*($B$46:$B$147=$A$17)*($C$46:$C$147=F$4)),ROWS(F$17:F19)),"""")"),"") | G19: =IFERROR(__xludf.DUMMYFUNCTION("IFERROR(INDEX(FILTER($D$46:$D$147,((($A$46:$A$147=TRUE)+($A$46:$A$147=""☑"")+($A$46:$A$147=""✓"")+($A$46:$A$147=""✔""))>0)*($B$46:$B$147=$A$17)*($C$46:$C$147=G$4)),ROWS(G$17:G19)),"""")"),"") | H19: =IFERROR(__xludf.DUMMYFUNCTION("IFERROR(INDEX(FILTER($D$46:$D$147,((($A$46:$A$147=TRUE)+($A$46:$A$147=""☑"")+($A$46:$A$147=""✓"")+($A$46:$A$147=""✔""))>0)*($B$46:$B$147=$A$17)*($C$46:$C$147=H$4)),ROWS(H$17:H19)),"""")"),"") | I19: =IFERROR(__xludf.DUMMYFUNCTION("IFERROR(INDEX(FILTER($D$46:$D$147,((($A$46:$A$147=TRUE)+($A$46:$A$147=""☑"")+($A$46:$A$147=""✓"")+($A$46:$A$147=""✔""))>0)*($B$46:$B$147=$A$17)*($C$46:$C$147=I$4)),ROWS(I$17:I19)),"""")"),"") | J19: =IFERROR(__xludf.DUMMYFUNCTION("IFERROR(INDEX(FILTER($D$46:$D$147,((($A$46:$A$147=TRUE)+($A$46:$A$147=""☑"")+($A$46:$A$147=""✓"")+($A$46:$A$147=""✔""))>0)*($B$46:$B$147=$A$17)*($C$46:$C$147=J$4)),ROWS(J$17:J19)),"""")"),"") | K19: =IFERROR(__xludf.DUMMYFUNCTION("IFERROR(INDEX(FILTER($D$46:$D$147,((($A$46:$A$147=TRUE)+($A$46:$A$147=""☑"")+($A$46:$A$147=""✓"")+($A$46:$A$147=""✔""))>0)*($B$46:$B$147=$A$17)*($C$46:$C$147=K$4)),ROWS(K$17:K19)),"""")"),"")
B20: =IFERROR(__xludf.DUMMYFUNCTION("IFERROR(INDEX(FILTER($D$46:$D$147,((($A$46:$A$147=TRUE)+($A$46:$A$147=""☑"")+($A$46:$A$147=""✓"")+($A$46:$A$147=""✔""))>0)*($B$46:$B$147=$A$17)*($C$46:$C$147=B$4)),ROWS(B$17:B20)),"""")"),"") | C20: =IFERROR(__xludf.DUMMYFUNCTION("IFERROR(INDEX(FILTER($D$46:$D$147,((($A$46:$A$147=TRUE)+($A$46:$A$147=""☑"")+($A$46:$A$147=""✓"")+($A$46:$A$147=""✔""))>0)*($B$46:$B$147=$A$17)*($C$46:$C$147=C$4)),ROWS(C$17:C20)),"""")"),"") | D20: =IFERROR(__xludf.DUMMYFUNCTION("IFERROR(INDEX(FILTER($D$46:$D$147,((($A$46:$A$147=TRUE)+($A$46:$A$147=""☑"")+($A$46:$A$147=""✓"")+($A$46:$A$147=""✔""))>0)*($B$46:$B$147=$A$17)*($C$46:$C$147=D$4)),ROWS(D$17:D20)),"""")"),"") | E20: =IFERROR(__xludf.DUMMYFUNCTION("IFERROR(INDEX(FILTER($D$46:$D$147,((($A$46:$A$147=TRUE)+($A$46:$A$147=""☑"")+($A$46:$A$147=""✓"")+($A$46:$A$147=""✔""))>0)*($B$46:$B$147=$A$17)*($C$46:$C$147=E$4)),ROWS(E$17:E20)),"""")"),"") | F20: =IFERROR(__xludf.DUMMYFUNCTION("IFERROR(INDEX(FILTER($D$46:$D$147,((($A$46:$A$147=TRUE)+($A$46:$A$147=""☑"")+($A$46:$A$147=""✓"")+($A$46:$A$147=""✔""))>0)*($B$46:$B$147=$A$17)*($C$46:$C$147=F$4)),ROWS(F$17:F20)),"""")"),"") | G20: =IFERROR(__xludf.DUMMYFUNCTION("IFERROR(INDEX(FILTER($D$46:$D$147,((($A$46:$A$147=TRUE)+($A$46:$A$147=""☑"")+($A$46:$A$147=""✓"")+($A$46:$A$147=""✔""))>0)*($B$46:$B$147=$A$17)*($C$46:$C$147=G$4)),ROWS(G$17:G20)),"""")"),"") | H20: =IFERROR(__xludf.DUMMYFUNCTION("IFERROR(INDEX(FILTER($D$46:$D$147,((($A$46:$A$147=TRUE)+($A$46:$A$147=""☑"")+($A$46:$A$147=""✓"")+($A$46:$A$147=""✔""))>0)*($B$46:$B$147=$A$17)*($C$46:$C$147=H$4)),ROWS(H$17:H20)),"""")"),"") | I20: =IFERROR(__xludf.DUMMYFUNCTION("IFERROR(INDEX(FILTER($D$46:$D$147,((($A$46:$A$147=TRUE)+($A$46:$A$147=""☑"")+($A$46:$A$147=""✓"")+($A$46:$A$147=""✔""))>0)*($B$46:$B$147=$A$17)*($C$46:$C$147=I$4)),ROWS(I$17:I20)),"""")"),"") | J20: =IFERROR(__xludf.DUMMYFUNCTION("IFERROR(INDEX(FILTER($D$46:$D$147,((($A$46:$A$147=TRUE)+($A$46:$A$147=""☑"")+($A$46:$A$147=""✓"")+($A$46:$A$147=""✔""))>0)*($B$46:$B$147=$A$17)*($C$46:$C$147=J$4)),ROWS(J$17:J20)),"""")"),"") | K20: =IFERROR(__xludf.DUMMYFUNCTION("IFERROR(INDEX(FILTER($D$46:$D$147,((($A$46:$A$147=TRUE)+($A$46:$A$147=""☑"")+($A$46:$A$147=""✓"")+($A$46:$A$147=""✔""))>0)*($B$46:$B$147=$A$17)*($C$46:$C$147=K$4)),ROWS(K$17:K20)),"""")"),"")
B21: =IFERROR(__xludf.DUMMYFUNCTION("IFERROR(INDEX(FILTER($D$46:$D$147,((($A$46:$A$147=TRUE)+($A$46:$A$147=""☑"")+($A$46:$A$147=""✓"")+($A$46:$A$147=""✔""))>0)*($B$46:$B$147=$A$17)*($C$46:$C$147=B$4)),ROWS(B$17:B21)),"""")"),"") | C21: =IFERROR(__xludf.DUMMYFUNCTION("IFERROR(INDEX(FILTER($D$46:$D$147,((($A$46:$A$147=TRUE)+($A$46:$A$147=""☑"")+($A$46:$A$147=""✓"")+($A$46:$A$147=""✔""))>0)*($B$46:$B$147=$A$17)*($C$46:$C$147=C$4)),ROWS(C$17:C21)),"""")"),"") | D21: =IFERROR(__xludf.DUMMYFUNCTION("IFERROR(INDEX(FILTER($D$46:$D$147,((($A$46:$A$147=TRUE)+($A$46:$A$147=""☑"")+($A$46:$A$147=""✓"")+($A$46:$A$147=""✔""))>0)*($B$46:$B$147=$A$17)*($C$46:$C$147=D$4)),ROWS(D$17:D21)),"""")"),"") | E21: =IFERROR(__xludf.DUMMYFUNCTION("IFERROR(INDEX(FILTER($D$46:$D$147,((($A$46:$A$147=TRUE)+($A$46:$A$147=""☑"")+($A$46:$A$147=""✓"")+($A$46:$A$147=""✔""))>0)*($B$46:$B$147=$A$17)*($C$46:$C$147=E$4)),ROWS(E$17:E21)),"""")"),"") | F21: =IFERROR(__xludf.DUMMYFUNCTION("IFERROR(INDEX(FILTER($D$46:$D$147,((($A$46:$A$147=TRUE)+($A$46:$A$147=""☑"")+($A$46:$A$147=""✓"")+($A$46:$A$147=""✔""))>0)*($B$46:$B$147=$A$17)*($C$46:$C$147=F$4)),ROWS(F$17:F21)),"""")"),"") | G21: =IFERROR(__xludf.DUMMYFUNCTION("IFERROR(INDEX(FILTER($D$46:$D$147,((($A$46:$A$147=TRUE)+($A$46:$A$147=""☑"")+($A$46:$A$147=""✓"")+($A$46:$A$147=""✔""))>0)*($B$46:$B$147=$A$17)*($C$46:$C$147=G$4)),ROWS(G$17:G21)),"""")"),"") | H21: =IFERROR(__xludf.DUMMYFUNCTION("IFERROR(INDEX(FILTER($D$46:$D$147,((($A$46:$A$147=TRUE)+($A$46:$A$147=""☑"")+($A$46:$A$147=""✓"")+($A$46:$A$147=""✔""))>0)*($B$46:$B$147=$A$17)*($C$46:$C$147=H$4)),ROWS(H$17:H21)),"""")"),"") | I21: =IFERROR(__xludf.DUMMYFUNCTION("IFERROR(INDEX(FILTER($D$46:$D$147,((($A$46:$A$147=TRUE)+($A$46:$A$147=""☑"")+($A$46:$A$147=""✓"")+($A$46:$A$147=""✔""))>0)*($B$46:$B$147=$A$17)*($C$46:$C$147=I$4)),ROWS(I$17:I21)),"""")"),"") | J21: =IFERROR(__xludf.DUMMYFUNCTION("IFERROR(INDEX(FILTER($D$46:$D$147,((($A$46:$A$147=TRUE)+($A$46:$A$147=""☑"")+($A$46:$A$147=""✓"")+($A$46:$A$147=""✔""))>0)*($B$46:$B$147=$A$17)*($C$46:$C$147=J$4)),ROWS(J$17:J21)),"""")"),"") | K21: =IFERROR(__xludf.DUMMYFUNCTION("IFERROR(INDEX(FILTER($D$46:$D$147,((($A$46:$A$147=TRUE)+($A$46:$A$147=""☑"")+($A$46:$A$147=""✓"")+($A$46:$A$147=""✔""))>0)*($B$46:$B$147=$A$17)*($C$46:$C$147=K$4)),ROWS(K$17:K21)),"""")"),"")
A23: Form III | B23: =IFERROR(__xludf.DUMMYFUNCTION("IFERROR(INDEX(FILTER($D$46:$D$147,((($A$46:$A$147=TRUE)+($A$46:$A$147=""☑"")+($A$46:$A$147=""✓"")+($A$46:$A$147=""✔""))>0)*($B$46:$B$147=$A$23)*($C$46:$C$147=B$4)),ROWS(B$23:B23)),"""")"),"") | C23: =IFERROR(__xludf.DUMMYFUNCTION("IFERROR(INDEX(FILTER($D$46:$D$147,((($A$46:$A$147=TRUE)+($A$46:$A$147=""☑"")+($A$46:$A$147=""✓"")+($A$46:$A$147=""✔""))>0)*($B$46:$B$147=$A$23)*($C$46:$C$147=C$4)),ROWS(C$23:C23)),"""")"),"Dictation") -> Dictation | D23: =IFERROR(__xludf.DUMMYFUNCTION("IFERROR(INDEX(FILTER($D$46:$D$147,((($A$46:$A$147=TRUE)+($A$46:$A$147=""☑"")+($A$46:$A$147=""✓"")+($A$46:$A$147=""✔""))>0)*($B$46:$B$147=$A$23)*($C$46:$C$147=D$4)),ROWS(D$23:D23)),"""")"),"Literature") -> Literature | E23: =IFERROR(__xludf.DUMMYFUNCTION("IFERROR(INDEX(FILTER($D$46:$D$147,((($A$46:$A$147=TRUE)+($A$46:$A$147=""☑"")+($A$46:$A$147=""✓"")+($A$46:$A$147=""✔""))>0)*($B$46:$B$147=$A$23)*($C$46:$C$147=E$4)),ROWS(E$23:E23)),"""")"),"World / American History") -> World / American History | F23: =IFERROR(__xludf.DUMMYFUNCTION("IFERROR(INDEX(FILTER($D$46:$D$147,((($A$46:$A$147=TRUE)+($A$46:$A$147=""☑"")+($A$46:$A$147=""✓"")+($A$46:$A$147=""✔""))>0)*($B$46:$B$147=$A$23)*($C$46:$C$147=F$4)),ROWS(F$23:F23)),"""")"),"Geography / Map Drill") -> Geography / Map Drill | G23: =IFERROR(__xludf.DUMMYFUNCTION("IFERROR(INDEX(FILTER($D$46:$D$147,((($A$46:$A$147=TRUE)+($A$46:$A$147=""☑"")+($A$46:$A$147=""✓"")+($A$46:$A$147=""✔""))>0)*($B$46:$B$147=$A$23)*($C$46:$C$147=G$4)),ROWS(G$23:G23)),"""")"),"Plutarch") -> Plutarch | H23: =IFERROR(__xludf.DUMMYFUNCTION("IFERROR(INDEX(FILTER($D$46:$D$147,((($A$46:$A$147=TRUE)+($A$46:$A$147=""☑"")+($A$46:$A$147=""✓"")+($A$46:$A$147=""✔""))>0)*($B$46:$B$147=$A$23)*($C$46:$C$147=H$4)),ROWS(H$23:H23)),"""")"),"Science") -> Science | I23: =IFERROR(__xludf.DUMMYFUNCTION("IFERROR(INDEX(FILTER($D$46:$D$147,((($A$46:$A$147=TRUE)+($A$46:$A$147=""☑"")+($A$46:$A$147=""✓"")+($A$46:$A$147=""✔""))>0)*($B$46:$B$147=$A$23)*($C$46:$C$147=I$4)),ROWS(I$23:I23)),"""")"),"Algebra / Geometry") -> Algebra / Geometry | J23: =IFERROR(__xludf.DUMMYFUNCTION("IFERROR(INDEX(FILTER($D$46:$D$147,((($A$46:$A$147=TRUE)+($A$46:$A$147=""☑"")+($A$46:$A$147=""✓"")+($A$46:$A$147=""✔""))>0)*($B$46:$B$147=$A$23)*($C$46:$C$147=J$4)),ROWS(J$23:J23)),"""")"),"") | K23: =IFERROR(__xludf.DUMMYFUNCTION("IFERROR(INDEX(FILTER($D$46:$D$147,((($A$46:$A$147=TRUE)+($A$46:$A$147=""☑"")+($A$46:$A$147=""✓"")+($A$46:$A$147=""✔""))>0)*($B$46:$B$147=$A$23)*($C$46:$C$147=K$4)),ROWS(K$23:K23)),"""")"),"Modern Language") -> Modern Language
B24: =IFERROR(__xludf.DUMMYFUNCTION("IFERROR(INDEX(FILTER($D$46:$D$147,((($A$46:$A$147=TRUE)+($A$46:$A$147=""☑"")+($A$46:$A$147=""✓"")+($A$46:$A$147=""✔""))>0)*($B$46:$B$147=$A$23)*($C$46:$C$147=B$4)),ROWS(B$23:B24)),"""")"),"") | C24: =IFERROR(__xludf.DUMMYFUNCTION("IFERROR(INDEX(FILTER($D$46:$D$147,((($A$46:$A$147=TRUE)+($A$46:$A$147=""☑"")+($A$46:$A$147=""✓"")+($A$46:$A$147=""✔""))>0)*($B$46:$B$147=$A$23)*($C$46:$C$147=C$4)),ROWS(C$23:C24)),"""")"),"Grammar / Analysis") -> Grammar / Analysis | D24: =IFERROR(__xludf.DUMMYFUNCTION("IFERROR(INDEX(FILTER($D$46:$D$147,((($A$46:$A$147=TRUE)+($A$46:$A$147=""☑"")+($A$46:$A$147=""✓"")+($A$46:$A$147=""✔""))>0)*($B$46:$B$147=$A$23)*($C$46:$C$147=D$4)),ROWS(D$23:D24)),"""")"),"") | E24: =IFERROR(__xludf.DUMMYFUNCTION("IFERROR(INDEX(FILTER($D$46:$D$147,((($A$46:$A$147=TRUE)+($A$46:$A$147=""☑"")+($A$46:$A$147=""✓"")+($A$46:$A$147=""✔""))>0)*($B$46:$B$147=$A$23)*($C$46:$C$147=E$4)),ROWS(E$23:E24)),"""")"),"Book of Centuries") -> Book of Centuries | F24: =IFERROR(__xludf.DUMMYFUNCTION("IFERROR(INDEX(FILTER($D$46:$D$147,((($A$46:$A$147=TRUE)+($A$46:$A$147=""☑"")+($A$46:$A$147=""✓"")+($A$46:$A$147=""✔""))>0)*($B$46:$B$147=$A$23)*($C$46:$C$147=F$4)),ROWS(F$23:F24)),"""")"),"") | G24: =IFERROR(__xludf.DUMMYFUNCTION("IFERROR(INDEX(FILTER($D$46:$D$147,((($A$46:$A$147=TRUE)+($A$46:$A$147=""☑"")+($A$46:$A$147=""✓"")+($A$46:$A$147=""✔""))>0)*($B$46:$B$147=$A$23)*($C$46:$C$147=G$4)),ROWS(G$23:G24)),"""")"),"Current Events") -> Current Events | H24: =IFERROR(__xludf.DUMMYFUNCTION("IFERROR(INDEX(FILTER($D$46:$D$147,((($A$46:$A$147=TRUE)+($A$46:$A$147=""☑"")+($A$46:$A$147=""✓"")+($A$46:$A$147=""✔""))>0)*($B$46:$B$147=$A$23)*($C$46:$C$147=H$4)),ROWS(H$23:H24)),"""")"),"Natural History") -> Natural History | I24: =IFERROR(__xludf.DUMMYFUNCTION("IFERROR(INDEX(FILTER($D$46:$D$147,((($A$46:$A$147=TRUE)+($A$46:$A$147=""☑"")+($A$46:$A$147=""✓"")+($A$46:$A$147=""✔""))>0)*($B$46:$B$147=$A$23)*($C$46:$C$147=I$4)),ROWS(I$23:I24)),"""")"),"") | J24: =IFERROR(__xludf.DUMMYFUNCTION("IFERROR(INDEX(FILTER($D$46:$D$147,((($A$46:$A$147=TRUE)+($A$46:$A$147=""☑"")+($A$46:$A$147=""✓"")+($A$46:$A$147=""✔""))>0)*($B$46:$B$147=$A$23)*($C$46:$C$147=J$4)),ROWS(J$23:J24)),"""")"),"") | K24: =IFERROR(__xludf.DUMMYFUNCTION("IFERROR(INDEX(FILTER($D$46:$D$147,((($A$46:$A$147=TRUE)+($A$46:$A$147=""☑"")+($A$46:$A$147=""✓"")+($A$46:$A$147=""✔""))>0)*($B$46:$B$147=$A$23)*($C$46:$C$147=K$4)),ROWS(K$23:K24)),"""")"),"Latin") -> Latin
B25: =IFERROR(__xludf.DUMMYFUNCTION("IFERROR(INDEX(FILTER($D$46:$D$147,((($A$46:$A$147=TRUE)+($A$46:$A$147=""☑"")+($A$46:$A$147=""✓"")+($A$46:$A$147=""✔""))>0)*($B$46:$B$147=$A$23)*($C$46:$C$147=B$4)),ROWS(B$23:B25)),"""")"),"") | C25: =IFERROR(__xludf.DUMMYFUNCTION("IFERROR(INDEX(FILTER($D$46:$D$147,((($A$46:$A$147=TRUE)+($A$46:$A$147=""☑"")+($A$46:$A$147=""✓"")+($A$46:$A$147=""✔""))>0)*($B$46:$B$147=$A$23)*($C$46:$C$147=C$4)),ROWS(C$23:C25)),"""")"),"Composition") -> Composition | D25: =IFERROR(__xludf.DUMMYFUNCTION("IFERROR(INDEX(FILTER($D$46:$D$147,((($A$46:$A$147=TRUE)+($A$46:$A$147=""☑"")+($A$46:$A$147=""✓"")+($A$46:$A$147=""✔""))>0)*($B$46:$B$147=$A$23)*($C$46:$C$147=D$4)),ROWS(D$23:D25)),"""")"),"") | E25: =IFERROR(__xludf.DUMMYFUNCTION("IFERROR(INDEX(FILTER($D$46:$D$147,((($A$46:$A$147=TRUE)+($A$46:$A$147=""☑"")+($A$46:$A$147=""✓"")+($A$46:$A$147=""✔""))>0)*($B$46:$B$147=$A$23)*($C$46:$C$147=E$4)),ROWS(E$23:E25)),"""")"),"") | F25: =IFERROR(__xludf.DUMMYFUNCTION("IFERROR(INDEX(FILTER($D$46:$D$147,((($A$46:$A$147=TRUE)+($A$46:$A$147=""☑"")+($A$46:$A$147=""✓"")+($A$46:$A$147=""✔""))>0)*($B$46:$B$147=$A$23)*($C$46:$C$147=F$4)),ROWS(F$23:F25)),"""")"),"") | G25: =IFERROR(__xludf.DUMMYFUNCTION("IFERROR(INDEX(FILTER($D$46:$D$147,((($A$46:$A$147=TRUE)+($A$46:$A$147=""☑"")+($A$46:$A$147=""✓"")+($A$46:$A$147=""✔""))>0)*($B$46:$B$147=$A$23)*($C$46:$C$147=G$4)),ROWS(G$23:G25)),"""")"),"") | H25: =IFERROR(__xludf.DUMMYFUNCTION("IFERROR(INDEX(FILTER($D$46:$D$147,((($A$46:$A$147=TRUE)+($A$46:$A$147=""☑"")+($A$46:$A$147=""✓"")+($A$46:$A$147=""✔""))>0)*($B$46:$B$147=$A$23)*($C$46:$C$147=H$4)),ROWS(H$23:H25)),"""")"),"") | I25: =IFERROR(__xludf.DUMMYFUNCTION("IFERROR(INDEX(FILTER($D$46:$D$147,((($A$46:$A$147=TRUE)+($A$46:$A$147=""☑"")+($A$46:$A$147=""✓"")+($A$46:$A$147=""✔""))>0)*($B$46:$B$147=$A$23)*($C$46:$C$147=I$4)),ROWS(I$23:I25)),"""")"),"") | J25: =IFERROR(__xludf.DUMMYFUNCTION("IFERROR(INDEX(FILTER($D$46:$D$147,((($A$46:$A$147=TRUE)+($A$46:$A$147=""☑"")+($A$46:$A$147=""✓"")+($A$46:$A$147=""✔""))>0)*($B$46:$B$147=$A$23)*($C$46:$C$147=J$4)),ROWS(J$23:J25)),"""")"),"") | K25: =IFERROR(__xludf.DUMMYFUNCTION("IFERROR(INDEX(FILTER($D$46:$D$147,((($A$46:$A$147=TRUE)+($A$46:$A$147=""☑"")+($A$46:$A$147=""✓"")+($A$46:$A$147=""✔""))>0)*($B$46:$B$147=$A$23)*($C$46:$C$147=K$4)),ROWS(K$23:K25)),"""")"),"")
B26: =IFERROR(__xludf.DUMMYFUNCTION("IFERROR(INDEX(FILTER($D$46:$D$147,((($A$46:$A$147=TRUE)+($A$46:$A$147=""☑"")+($A$46:$A$147=""✓"")+($A$46:$A$147=""✔""))>0)*($B$46:$B$147=$A$23)*($C$46:$C$147=B$4)),ROWS(B$23:B26)),"""")"),"") | C26: =IFERROR(__xludf.DUMMYFUNCTION("IFERROR(INDEX(FILTER($D$46:$D$147,((($A$46:$A$147=TRUE)+($A$46:$A$147=""☑"")+($A$46:$A$147=""✓"")+($A$46:$A$147=""✔""))>0)*($B$46:$B$147=$A$23)*($C$46:$C$147=C$4)),ROWS(C$23:C26)),"""")"),"") | D26: =IFERROR(__xludf.DUMMYFUNCTION("IFERROR(INDEX(FILTER($D$46:$D$147,((($A$46:$A$147=TRUE)+($A$46:$A$147=""☑"")+($A$46:$A$147=""✓"")+($A$46:$A$147=""✔""))>0)*($B$46:$B$147=$A$23)*($C$46:$C$147=D$4)),ROWS(D$23:D26)),"""")"),"") | E26: =IFERROR(__xludf.DUMMYFUNCTION("IFERROR(INDEX(FILTER($D$46:$D$147,((($A$46:$A$147=TRUE)+($A$46:$A$147=""☑"")+($A$46:$A$147=""✓"")+($A$46:$A$147=""✔""))>0)*($B$46:$B$147=$A$23)*($C$46:$C$147=E$4)),ROWS(E$23:E26)),"""")"),"") | F26: =IFERROR(__xludf.DUMMYFUNCTION("IFERROR(INDEX(FILTER($D$46:$D$147,((($A$46:$A$147=TRUE)+($A$46:$A$147=""☑"")+($A$46:$A$147=""✓"")+($A$46:$A$147=""✔""))>0)*($B$46:$B$147=$A$23)*($C$46:$C$147=F$4)),ROWS(F$23:F26)),"""")"),"") | G26: =IFERROR(__xludf.DUMMYFUNCTION("IFERROR(INDEX(FILTER($D$46:$D$147,((($A$46:$A$147=TRUE)+($A$46:$A$147=""☑"")+($A$46:$A$147=""✓"")+($A$46:$A$147=""✔""))>0)*($B$46:$B$147=$A$23)*($C$46:$C$147=G$4)),ROWS(G$23:G26)),"""")"),"") | H26: =IFERROR(__xludf.DUMMYFUNCTION("IFERROR(INDEX(FILTER($D$46:$D$147,((($A$46:$A$147=TRUE)+($A$46:$A$147=""☑"")+($A$46:$A$147=""✓"")+($A$46:$A$147=""✔""))>0)*($B$46:$B$147=$A$23)*($C$46:$C$147=H$4)),ROWS(H$23:H26)),"""")"),"") | I26: =IFERROR(__xludf.DUMMYFUNCTION("IFERROR(INDEX(FILTER($D$46:$D$147,((($A$46:$A$147=TRUE)+($A$46:$A$147=""☑"")+($A$46:$A$147=""✓"")+($A$46:$A$147=""✔""))>0)*($B$46:$B$147=$A$23)*($C$46:$C$147=I$4)),ROWS(I$23:I26)),"""")"),"") | J26: =IFERROR(__xludf.DUMMYFUNCTION("IFERROR(INDEX(FILTER($D$46:$D$147,((($A$46:$A$147=TRUE)+($A$46:$A$147=""☑"")+($A$46:$A$147=""✓"")+($A$46:$A$147=""✔""))>0)*($B$46:$B$147=$A$23)*($C$46:$C$147=J$4)),ROWS(J$23:J26)),"""")"),"") | K26: =IFERROR(__xludf.DUMMYFUNCTION("IFERROR(INDEX(FILTER($D$46:$D$147,((($A$46:$A$147=TRUE)+($A$46:$A$147=""☑"")+($A$46:$A$147=""✓"")+($A$46:$A$147=""✔""))>0)*($B$46:$B$147=$A$23)*($C$46:$C$147=K$4)),ROWS(K$23:K26)),"""")"),"")
B27: =IFERROR(__xludf.DUMMYFUNCTION("IFERROR(INDEX(FILTER($D$46:$D$147,((($A$46:$A$147=TRUE)+($A$46:$A$147=""☑"")+($A$46:$A$147=""✓"")+($A$46:$A$147=""✔""))>0)*($B$46:$B$147=$A$23)*($C$46:$C$147=B$4)),ROWS(B$23:B27)),"""")"),"") | C27: =IFERROR(__xludf.DUMMYFUNCTION("IFERROR(INDEX(FILTER($D$46:$D$147,((($A$46:$A$147=TRUE)+($A$46:$A$147=""☑"")+($A$46:$A$147=""✓"")+($A$46:$A$147=""✔""))>0)*($B$46:$B$147=$A$23)*($C$46:$C$147=C$4)),ROWS(C$23:C27)),"""")"),"") | D27: =IFERROR(__xludf.DUMMYFUNCTION("IFERROR(INDEX(FILTER($D$46:$D$147,((($A$46:$A$147=TRUE)+($A$46:$A$147=""☑"")+($A$46:$A$147=""✓"")+($A$46:$A$147=""✔""))>0)*($B$46:$B$147=$A$23)*($C$46:$C$147=D$4)),ROWS(D$23:D27)),"""")"),"") | E27: =IFERROR(__xludf.DUMMYFUNCTION("IFERROR(INDEX(FILTER($D$46:$D$147,((($A$46:$A$147=TRUE)+($A$46:$A$147=""☑"")+($A$46:$A$147=""✓"")+($A$46:$A$147=""✔""))>0)*($B$46:$B$147=$A$23)*($C$46:$C$147=E$4)),ROWS(E$23:E27)),"""")"),"") | F27: =IFERROR(__xludf.DUMMYFUNCTION("IFERROR(INDEX(FILTER($D$46:$D$147,((($A$46:$A$147=TRUE)+($A$46:$A$147=""☑"")+($A$46:$A$147=""✓"")+($A$46:$A$147=""✔""))>0)*($B$46:$B$147=$A$23)*($C$46:$C$147=F$4)),ROWS(F$23:F27)),"""")"),"") | G27: =IFERROR(__xludf.DUMMYFUNCTION("IFERROR(INDEX(FILTER($D$46:$D$147,((($A$46:$A$147=TRUE)+($A$46:$A$147=""☑"")+($A$46:$A$147=""✓"")+($A$46:$A$147=""✔""))>0)*($B$46:$B$147=$A$23)*($C$46:$C$147=G$4)),ROWS(G$23:G27)),"""")"),"") | H27: =IFERROR(__xludf.DUMMYFUNCTION("IFERROR(INDEX(FILTER($D$46:$D$147,((($A$46:$A$147=TRUE)+($A$46:$A$147=""☑"")+($A$46:$A$147=""✓"")+($A$46:$A$147=""✔""))>0)*($B$46:$B$147=$A$23)*($C$46:$C$147=H$4)),ROWS(H$23:H27)),"""")"),"") | I27: =IFERROR(__xludf.DUMMYFUNCTION("IFERROR(INDEX(FILTER($D$46:$D$147,((($A$46:$A$147=TRUE)+($A$46:$A$147=""☑"")+($A$46:$A$147=""✓"")+($A$46:$A$147=""✔""))>0)*($B$46:$B$147=$A$23)*($C$46:$C$147=I$4)),ROWS(I$23:I27)),"""")"),"") | J27: =IFERROR(__xludf.DUMMYFUNCTION("IFERROR(INDEX(FILTER($D$46:$D$147,((($A$46:$A$147=TRUE)+($A$46:$A$147=""☑"")+($A$46:$A$147=""✓"")+($A$46:$A$147=""✔""))>0)*($B$46:$B$147=$A$23)*($C$46:$C$147=J$4)),ROWS(J$23:J27)),"""")"),"") | K27: =IFERROR(__xludf.DUMMYFUNCTION("IFERROR(INDEX(FILTER($D$46:$D$147,((($A$46:$A$147=TRUE)+($A$46:$A$147=""☑"")+($A$46:$A$147=""✓"")+($A$46:$A$147=""✔""))>0)*($B$46:$B$147=$A$23)*($C$46:$C$147=K$4)),ROWS(K$23:K27)),"""")"),"")
